youtube_video_id,youtube_url,language,channel_name,title_original,decision,evidence_types,classification_confidence,quality_score,reason_he
3nwR3t6-Ftg,https://www.youtube.com/watch?v=3nwR3t6-Ftg,he,ADV Moto Life,הדרכת אדוונצ'ר שלב א' של צביקה כהן השטח לקבוצת אדוונצ'רים מתחילים בשטח,approved,description;chapters;transcript,high,5,תמלול מלא וחמישה פרקי YouTube מאמתים את תחנות ההדרכה ואת ההסברים של מדריך רכיבה מזוהה; קטעי הפתיחה והסיכום יוסרו מן הניווט.
lYBhzHlFmNU,https://www.youtube.com/watch?v=lYBhzHlFmNU,he,ADV Moto Life,הדרכת אדוונצ'ר שלב 2 עם צ'יקו Chicco ADV Team,approved,description;transcript,high,5,"התיאור והתמלול מאמתים רצף ארוך של הסבר ותרגול בהנחיית מדריך מזוהה. אין פרקי YouTube, ולכן לא נוספו נקודות זמן מקומיות."
HWNbjhnBTMM,https://www.youtube.com/watch?v=HWNbjhnBTMM,he,ProRiding Israel,ביצוע PIVOT עם אופנוע אדוונצ'ר בשטח,approved,description;transcript,high,5,תמלול ישיר של מדריך בית ספר לרכיבה מאמת את כל שלבי התמרון ואת אזהרת הקרקע; הסרטון קצר אך ממוקד מאוד.
GqUgDGd04XE,https://www.youtube.com/watch?v=GqUgDGd04XE,he,ADV Moto Life,קורס רכיבת כביש פרוריידינג פרו 1,approved,description;transcript,high,5,"התמלול מתעד שיעור אמיתי, משוב ספציפי והסברי מדריכים; התיאור מזהה את הקורס ואת מטרתו. אין Chapters ולכן לא נוצר ניווט מלאכותי."
6ynYOU6NQW4,https://www.youtube.com/watch?v=6ynYOU6NQW4,he,guy radar,קורס רכיבה קוסטאס למאריס 1993 אופנועי שטח,approved,description;transcript,high,4,"התמלול מאמת הדרכה ממשית על פקדים ותנוחה, אך גיל המקור ואיכות ההפקה מצדיקים ציון שמרני והבהרת מגבלת העדכניות."
i7vcL3L7750,https://www.youtube.com/watch?v=i7vcL3L7750,he,מימוטו - MYMOTO,איך לנקות שרשרת אופנוע - תחזוקה נכונה,approved,description;chapters;transcript,high,5,תמלול מפורט ושמונה פרקי מקור מאמתים את סדר הטיפול ואת אזהרת הבטיחות; הפרק המסכם הגנרי יוסר מן הניווט.
CsCvU1qOAag,https://www.youtube.com/watch?v=CsCvU1qOAag,he,FullgaZ Magazine,מדריך טכני: מתיחת שרשת הינע,approved,description;transcript,high,5,"תמלול רציף מאמת כל שלב מכני ואת הסיבות לו. אין נקודות זמן מקוריות, ולכן נשמר מערך Chapters ריק."
GwXb1oEWeMY,https://www.youtube.com/watch?v=GwXb1oEWeMY,he,מימוטו - MYMOTO,מצב נפשי ופיזי,approved,description;chapters;transcript,high,5,חמישה פרקי מקור ותמלול ארוך מאמתים דוגמאות קונקרטיות לכל מצב. ההמלצות הן התנהגותיות ואינן מוצגות כייעוץ רפואי.
l_vLv-Fds5g,https://www.youtube.com/watch?v=l_vLv-Fds5g,he,הרשות הלאומית לבטיחות בדרכים,רכיבה מודעת 🏍 | פרק 1 - אל תפתיע!,approved,description;transcript,high,5,"המקור רשמי והתמלול מאמת הסבר ממוקד על שדה ראייה, מיקום ומהירות. אין Chapters ואין טענות נקודת זמן שלא הופיעו במקור."
Qx6G0gkQ048,https://www.youtube.com/watch?v=Qx6G0gkQ048,he,Ask Ralbad,ASK Ralbad | איך רוכבים בגשם ועל כביש רטוב?,approved,description;transcript,high,5,תמלול מלא ממקור בטיחות רשמי מאמת את כל ארבעת מרכיבי הרכיבה ואת רשימת הציוד; אין פרקים מומצאים.
EPkNtdXkWpY,https://www.youtube.com/watch?v=EPkNtdXkWpY,he,מימוטו - MYMOTO,מיגון וציוד רכיבה על אופנוע,approved,description;chapters,high,4,שבעה פרקי מקור ותיאור מפורט תומכים במבנה הסקירה; לא נמצא תמלול נגיש ולכן הביטחון נשאר בינוני והטענות נשמרו כלליות.
qt262cjyWAc,https://www.youtube.com/watch?v=qt262cjyWAc,he,Ask Ralbad,ASK Ralbad | איך מרכיבים אדם נוסף בצורה בטוחה?,approved,description;transcript,high,5,"תמלול מלא של מקור בטיחות רשמי מאמת את ההשפעות הדינמיות ואת רצף התדריך, העלייה והאחיזה."
zm1MR16FaC4,https://www.youtube.com/watch?v=zm1MR16FaC4,he,מימוטו - MYMOTO,האם זה מסוכן לרכב בצורה חוקית?,approved,description;chapters;transcript,high,4,"תמלול ושבעה פרקי מקור מאמתים דוגמאות כביש קונקרטיות, אך המסקנות נורמטיביות ולכן הציון שמרני והאזהרה המשפטית מפורשת."
vHoAoVHkS64,https://www.youtube.com/watch?v=vHoAoVHkS64,he,מימוטו - MYMOTO,איך להעביר הילוכים באופנוע (באופן חלק),approved,description;chapters,high,4,"תיאור מפורט וארבעה פרקי מקור תומכים בהשוואה, אך לא נמצא תמלול נגיש ולכן נשמרה רמת ביטחון בינונית."
dF9KY2w7dmY,https://www.youtube.com/watch?v=dF9KY2w7dmY,he,FullgaZ Magazine,מדריך טכני: ניקוי ושימון שרשרת הינע,approved,description;transcript,high,5,תמלול מלא ממגזין אופנועים מאמת את סדר הפעולות ואת אזהרת המנוע הכבוי; אין Chapters ולכן לא נוספו זמנים.
dBdoSMm5N5s,https://www.youtube.com/watch?v=dBdoSMm5N5s,he,פוקס אנדורו - fox enduro,"פוקס אנדורו - הדרכות רכיבה, עמידה והעברת משקל נכונה  - אריאל דדיה.",approved,description;transcript,high,4,"התמלול מאמת הסבר מקצועי מפורט, אך אין Chapters והמקור מערב יסודות עם טכניקות אנדורו מתקדמות, ולכן הסיווג שמרני."
FUoXWECH40A,https://www.youtube.com/watch?v=FUoXWECH40A,he,Cohen Adventure (‫צביקה כהן השטח‬‎),מעבר מכשולים ברכיבה על אופנוע,approved,description;transcript,high,5,"תמלול ברור ממדריך מקצועי מאמת את הקשר בין בלימה, מתלה ומצערת ואת מגבלות התרגיל."
YH48E19KF8o,https://www.youtube.com/watch?v=YH48E19KF8o,he,Cohen Adventure (‫צביקה כהן השטח‬‎),הדרכת רכיבה בדַשְׁדַשׁ,approved,description;transcript,high,5,"תמלול עברי מלא ממדריך מקצועי מאמת את התיאור המכני, תנוחת הגוף והסתייגויות הצמיגים."
kYZQaPo2R7Q,https://www.youtube.com/watch?v=kYZQaPo2R7Q,he,הרשות הלאומית לבטיחות בדרכים,קורסים לרכיבה מתקדמת על אופנועים,approved,description;transcript,high,5,"המקור רשמי והתמלול מאמת מדריכים, הדגמות ושלבי תרגול. הוא מתעד קורס ואינו מתחזה למדריך ביצוע עצמאי."
domdIpzNKbc,https://www.youtube.com/watch?v=domdIpzNKbc,he,Netivims,משימה מספר 5 במגרש בטסט על אופנוע - או בשמה הנוסף 8! תראו טיפים לשמונה | נתיבים - בית ספר לנהיגה,approved,description;transcript,high,5,"תמלול רציף מבית ספר לנהיגה מאמת את רצף התרגיל, נקודות המבט ועבודת המצמד."
SoxnKw9sv_0,https://www.youtube.com/watch?v=SoxnKw9sv_0,he,מימוטו - MYMOTO,איך לרכב על אופנוע בחורף,approved,description;chapters;visual_review,high,4,"שישה פרקי מקור ותיאור ייעודי מאמתים את מבנה ההדרכה, אך בהיעדר תמלול נשמרת רמת ביטחון בינונית והניסוח אינו מייחס פרטים שלא נבדקו."
3uttfaaeYrA,https://www.youtube.com/watch?v=3uttfaaeYrA,he,Cohen Adventure (‫צביקה כהן השטח‬‎),טיפים לרוכבים על אופנועים גבוהים,approved,description;transcript,high,4,"התיאור והכתוביות מאמתים את נושא ההתאמה והגובה, אך הכתוביות קצרות מן הסרטון ולכן נשמר ציון שמרני ונדרשת בדיקה חזותית משלימה."
_5-fh-qmqMg,https://www.youtube.com/watch?v=_5-fh-qmqMg,en,Autozium,Practice THIS for 15 Minutes and You’ll Ride 10x Better!,approved,description;chapters;transcript,high,4,"התיאור, שישה פרקים ותמלול מלא תומכים בשלבי התרגיל ובקישור בין הפקדים; ההבטחה בכותרת שיווקית ולכן אינה מוצגת כתוצאה מובטחת."
bJkK-Z0eDq0,https://www.youtube.com/watch?v=bJkK-Z0eDq0,en,Bennetts BikeSocial,How far can I lean on my motorcycle? | Better Riding Ep 26,approved,description;chapters;transcript,high,5,"עשרה פרקים ותמלול מפורט מציגים טיעון עקבי, תרגול מדורג ודוגמאות כביש; המקור מציג במפורש מאמן רכיבה מקצועי."
hDX4TBsPKLU,https://www.youtube.com/watch?v=hDX4TBsPKLU,en,Cross Training Adventure,Free motorbike GPS options!︱Cross Training Adventure,approved,description;chapters;transcript,high,4,חמישה פרקים ותמלול מלא מאמתים את ההשוואה ואת מגבלות הטלפון; שמות האפליקציות והמחירים עלולים להשתנות ולכן נדרשת בדיקה עדכנית.
nBhWbHKCkks,https://www.youtube.com/watch?v=nBhWbHKCkks,en,ADVMotoSkillZ,GS Exercises: Competition & Off-Road Motorcycle Skills,approved,description;chapters;transcript,high,5,"תיאור מפורט, 16 פרקי לימוד וכתוביות אנגלית ידניות מאמתים את התחנות, היעדים, הטעויות והנחיות ההתקדמות; פרק ה־Bloopers הוסר מן הניווט."
sfNLSVghgRA,https://www.youtube.com/watch?v=sfNLSVghgRA,en,Cross Training Enduro,How to ride steep downhill descents on a dirt bike︱Cross Training Enduro,approved,description;chapters;transcript,high,5,"הפרקים והתמלול מפרטים תנוחה, בלימה ומבט ואף מבחינים בין קרקע רכה למצבים אחרים; הסיכון הגבוה מוצג במפורש."
eiRMikxU3Z4,https://www.youtube.com/watch?v=eiRMikxU3Z4,en,Dirt Bike Academy,HOW TO CLIMB ‘IMPOSSIBLE HILL CLIMBS’,approved,description;chapters;transcript,high,5,"תיאור מפורט, שמונה פרקים ותמלול מלא מאמתים כל שלב ואת הטעויות; הטכניקה מתקדמת ולכן סווגה בסיכון גבוה."
lP9Z1aw776A,https://www.youtube.com/watch?v=lP9Z1aw776A,en,Luke Watson - Truck & Motorcycle Training,Counter Steering Explained: The Skill That Saves Lives | Scooter Basics #7 [Second Edition],approved,description;chapters;transcript,high,5,"שבעה פרקים ותמלול נרחב תומכים בהסבר, בתרגילים ובפרק הטעויות; המקור מזוהה כגוף הדרכת נהיגה ורכיבה."
-blfunHiGzg,https://www.youtube.com/watch?v=-blfunHiGzg,en,Roadcraft Nottingham - Motorcycle Training,Country road riding demo |  Advanced riding | Motorcycle riding tips,approved,description;chapters;transcript,high,5,"עשרים פרקים ותמלול של מדריך מוסמך מספקים ראיות מפורטות להחלטות קו, קצב והילוך; ההקשר המשפטי תלוי מדינה."
5CfJENGn07s,https://www.youtube.com/watch?v=5CfJENGn07s,en,SoCal Off-Road School,Controlling Adventure Motorcycle Standing Up | Off Road Riding Tip,approved,description;chapters;transcript,high,5,"תשעה פרקים ותמלול מלא מאמתים את רצף נקודת המגע, הורדת העקב ופנייה; יש קידום מובהק לקורס ולציוד."
sWj02x9PYdw,https://www.youtube.com/watch?v=sWj02x9PYdw,en,SoCal Off-Road School,How To Ride Rocks| Enduro Riding Tip,approved,description;chapters;transcript,high,4,"התיאור והתמלול המלא תומכים בשלושת העקרונות, אך הסרטון קצר ומספק פחות דיון במצבי קצה."
bYIzeyCubcw,https://www.youtube.com/watch?v=bYIzeyCubcw,en,TEAM Arizona Motorcyclist Training Centers,Motorcycle Safety Tips: How to Be Visible | How To Manage Intersections P2,approved,description;chapters;transcript,high,5,"חמישה פרקים ותמלול של בית ספר מוסמך תומכים במושגי נראות, מיקום ונתיב מילוט באופן ממוקד."
UILe5YDA4B8,https://www.youtube.com/watch?v=UILe5YDA4B8,en,TOPS Motorcycle Training,Brake and Escape,approved,description;chapters;transcript,high,5,"שישה פרקים ותמלול ממקור הדרכה מתקדם מאמתים את מבנה התרגיל, אופן הלחיצה והמעבר למילוט."
6yE85BVYNKY,https://www.youtube.com/watch?v=6yE85BVYNKY,en,Two Wheel Buckeyes,What Every Motorcycle Passenger Needs to Know: Dawn's Diaries,approved,description;chapters;transcript,high,4,שנים־עשר פרקים ותמלול מלא תומכים בעצות המעשיות; זהו ניסיון אישי ולא תחליף לתדריך מקצועי או לספר הרכב.
eqbeqc2xeBc,https://www.youtube.com/watch?v=eqbeqc2xeBc,en,Bennetts BikeSocial,How to Master a Motorcycle Emergency Stop | Better Riding,approved,description;chapters;transcript,high,5,"חמישה־עשר פרקים ותמלול מלא מציגים מאמן מקצועי, נתוני עצירה וסייגים לפי משטח; יש חסות וקידום מסחרי מובהקים."
-_a3Hk4Jeg8,https://www.youtube.com/watch?v=-_a3Hk4Jeg8,en,Instructor Cory,"Countersteering was hard, until I learned this!",approved,description;chapters;transcript,high,4,"התיאור, חמישה פרקים ותמלול מלא תומכים במנגנון ובתרגול; ההסבר הפיזיקלי מפושט ולכן הציון אינו מרבי."
gJH1pn4Cq68,https://www.youtube.com/watch?v=gJH1pn4Cq68,en,LET'S RIDE! Motorcycle Training,CBT Element C - Emergency stop,approved,description;chapters;transcript,high,4,שלושה פרקים ותמלול מלא ממקור הדרכה מאמתים את ההדגמות; חלק מן ההנחיות תלויות באופנוע ובשיטת ההדרכה ולכן נדרש סייג.
n13PAgtjaz0,https://www.youtube.com/watch?v=n13PAgtjaz0,en,LET'S RIDE! Motorcycle Training,CBT Element C - U-turn,approved,description;chapters;transcript,high,5,ארבעה פרקים ותמלול מלא של מדריך ראשי מספקים רצף ברור לידני ולאוטומטי וכוללים בדיקות תנועה.
ko70RgiF5OQ,https://www.youtube.com/watch?v=ko70RgiF5OQ,en,Luke Watson - Truck & Motorcycle Training,Riding in the Rain — A Complete Guide to Road Surfaces and Traction,approved,description;chapters;transcript,high,5,שמונה פרקים ותמלול נרחב ממדריך מקצועי מכסים סוגי משטח והחלטות תפעול; הסיפור האישי תומך בסיכון של הסחת מבט.
aDybIOOaYzM,https://www.youtube.com/watch?v=aDybIOOaYzM,en,Street Skills Moto,Zoom Motorcycle Coaching Session: Vision & Cornering Lines,approved,description;chapters;transcript,high,4,"חמישה פרקים ותמלול מלא מאוד מספקים עומק, אך פורמט מפגש זום ארוך ופחות מובנה מקשה על שימוש מהיר."
8RC4KpQmSBY,https://www.youtube.com/watch?v=8RC4KpQmSBY,en,1st Gear Motorcycle Training School,MOD 1 Test – U Turn Technique Made Simple,approved,description;transcript,high,5,התמלול המלא ממקור הדרכה מנוסה מתאר טכניקה וטעויות בפירוט; אין פרקי YouTube ולכן הניווט פחות מדויק.
JN8c-OWRPkY,https://www.youtube.com/watch?v=JN8c-OWRPkY,en,1st Gear Motorcycle Training School,MOD 1 Test – What the Examiner Wants: Hazard Avoidance,approved,description;transcript,high,5,תמלול מלא ומפורט מבית ספר מאושר מאמת את רצף התרגיל; ההקשר והמהירות תלויי מבחן מקומי.
-4MAlj_S52Q,https://www.youtube.com/watch?v=-4MAlj_S52Q,en,ADVMotoSkillZ,How Your Vision Can Keep You On Line In ADV Motorcycle Riding - Motorcycle Agility Course Training,approved,description;transcript,high,4,תיאור ותמלול מלא מאמתים את דוגמאות המבט והקו; אין פרקים והמקור ממליץ על סרטון מקדים לאיזון פעיל.
8RsJvOk1FvQ,https://www.youtube.com/watch?v=8RsJvOk1FvQ,en,Autozium,Tight U-Turns Are Easy Once You Learn This Secret...,approved,description;transcript,high,4,תיאור ותמלול מלא תומכים בכל מרכיבי הפרסה; הכותרת מבטיחה קלות ולכן הטענה השיווקית אינה מאומצת.
PMtBYt19pD4,https://www.youtube.com/watch?v=PMtBYt19pD4,en,Autozium,The Secret to Perfect U-Turns Every Time,approved,description;transcript,high,4,התיאור והתמלול מפרטים חמש טעויות ופתרונות; אין פרקים והניסוח השיווקי דורש ציפיות מתונות.
hVnR2QeRxTI,https://www.youtube.com/watch?v=hVnR2QeRxTI,en,Autozium,8 Motorcycle Safety Tips Every Rider Over 50 Needs To Know,approved,description;transcript,high,4,"התיאור ותמלול מלא תומכים בשמונה הנושאים, אך העצות כלליות ואינן מחליפות הערכה רפואית או הדרכת רכיבה."
cM4YrRjKVUc,https://www.youtube.com/watch?v=cM4YrRjKVUc,en,Bret Tkacs ADV,Making U-Turns Easy on Big Adventure Motorcycles,approved,description;chapters;transcript,high,5,"מדריך ותיק מזוהה, תיאור, חמישה פרקי מקור וכתוביות אנגלית ידניות מאמתים את טכניקת המבט, Dip and Go, כיוון הפקדים ובדיקת כבל הגז."
ShWc7D5HllY,https://www.youtube.com/watch?v=ShWc7D5HllY,en,ChampSchool,Trail Braking Explained in Under 3 Minutes!,approved,description;transcript,high,5,תמלול מלא ממאמן ChampSchool מאמת את מודל העומס וההפחתה; הקיצור מועיל אך אינו מכסה מגוון משטחים.
NWHX807Xq9Y,https://www.youtube.com/watch?v=NWHX807Xq9Y,en,Clinton Smout,How to go over logs motorcycling,approved,description;transcript,high,5,התיאור ותמלול מלא ממפעיל בית ספר מאמתים את רצף התרגיל ואת התאמתו למכשולים בגבהים שונים.
wsokPULhmv0,https://www.youtube.com/watch?v=wsokPULhmv0,en,Dirt Bike Academy,"MUD, RAIN, & CONTROL: THE SKILLS EVERY RIDER NEEDS",approved,description;transcript,high,5,תיאור ותמלול מלא מבית ספר תומכים בעצות ובסייג לתנוחת הגוף; יש קידום קורסים והשכרה.
bO88ooYOLhw,https://www.youtube.com/watch?v=bO88ooYOLhw,en,Low Altitude Flyer,Emergency Braking in a Straight Line: 20 MPH - Lesson 4 Training Clip,approved,description;transcript,high,5,"תמלול מלא מציג תרגיל מדוד, חזרות ומשוב; המקור מזוהה כקליפ הכשרה מקצועי."
0Llcyhyh8vY,https://www.youtube.com/watch?v=0Llcyhyh8vY,en,Luke Watson - Truck & Motorcycle Training,Pre-Ride Checks Real-Time | Watch Me Do It | Scooter Basics Part 11,approved,description;transcript,high,4,תיאור ותמלול מלא ממדריך מאמתים את הסדר; חלק מבדיקת הצמיג מהירה מדי ולכן נוסף סייג למדידה.
9hgXMIY4cbc,https://www.youtube.com/watch?v=9hgXMIY4cbc,en,MXHideout,How To Comfortably Stand While Riding A Dirt Bike On Trails [Ep20],approved,description;transcript,high,4,התיאור ותמלול מלא תומכים במכניקת הגוף; המקור מקדם מדריך חינמי אך התוכן ההדרכתי ממוקד.
FNLUBBMypmI,https://www.youtube.com/watch?v=FNLUBBMypmI,en,Motorcycle Lessons UK,Motorcycling in the RAIN & DARK [safety tips],approved,description;transcript,high,5,"תיאור ותמלול מלא של גוף הדרכה מכסים ציוד, תפעול ומפגעים בזמן רכיבה ממשית; איכות הקול משתנה אך הראיות ברורות."
5pUSer1l8jI,https://www.youtube.com/watch?v=5pUSer1l8jI,en,OFFroad-OFFcourse,The best tire pressure! For offroad and adventure bikes,approved,description;transcript,high,4,תיאור ותמלול מלא תומכים בטווח המוצע ובפשרות; המספרים אינם אוניברסליים ולכן נוסף סייג מחמיר.
Z4z0mCP8UPk,https://www.youtube.com/watch?v=Z4z0mCP8UPk,en,Peak Rider Services,Advanced Motorcycling - Overtaking,approved,description;transcript,high,5,תיאור ותמלול ממקור הדרכה מקצועי מאמתים שני תרחישים ורצף החלטות; ההקשר מחייב התאמה לחוק המקומי.
iw9zeS0wLW8,https://www.youtube.com/watch?v=iw9zeS0wLW8,en,PetroHead,How To Ride a Motorcycle For Beginners (revised 2025 edition),approved,description;transcript,high,4,תמלול מלא מאוד מכסה את רצף המתחיל; המקור מקדם קורס מסחרי והסרטון אינו מחליף הדרכה חוקית.
MwZSi-LHWuw,https://www.youtube.com/watch?v=MwZSi-LHWuw,en,ProRider- Advanced Motorcycle Skills Training,ProRider - Riding With a Passenger in the Cone Course,approved,description;transcript,high,4,תמלול מלא ממקור אימון מתקדם מאמת את העלייה והמסלול; הסרטון קצר ומקדם חברות בתשלום.
51gsYMB2beQ,https://www.youtube.com/watch?v=51gsYMB2beQ,en,RIDER GUIDER,HOW TO OVERTAKE ON A MOTORBIKE,approved,description;transcript,high,3,"התמלול תומך בנקודות המרווח וההילוך, אך המקור קהילתי והדיון כולל דעות על ערוץ אחר, לכן הביטחון נמוך יותר."
SpEl45M02sI,https://www.youtube.com/watch?v=SpEl45M02sI,en,RIDER GUIDER,MOTORCYCLE ROAD POSITIONING MASTERCLASS A LEARNERS GUIDE,approved,description;transcript,high,4,תיאור ותמלול מלא מאמתים את עקרון לראות ולהיראות; המקור קהילתי ולכן אינו מוצג כסטנדרט רשמי.
Rmd7mV_a_i8,https://www.youtube.com/watch?v=Rmd7mV_a_i8,en,Relishlife,How to Ride Safely at Night on a Sportbike1,approved,description;transcript,high,3,"תמלול מלא תומך בעקרונות, אך התיאור שיווקי מאוד והמקור אינו מזוהה כבית ספר; הנתונים המספריים לא אומצו."
fm88yhrX9bk,https://www.youtube.com/watch?v=fm88yhrX9bk,en,Ride or Die Motorcycles,How Do I Load Luggage For Optimal Motorcycle Weight Distribution? - Ride or Die Motorcycles,approved,description;transcript,high,4,תיאור ותמלול מלא תומכים בעקרונות החלוקה; המקור קהילתי ולכן הוראות היצרן נשארות סמכות עליונה.
lcauMhznleg,https://www.youtube.com/watch?v=lcauMhznleg,en,Ride or Die Motorcycles,How To Navigate On An Adventure Touring Trip? - Ride or Die Motorcycles,approved,description;transcript,high,4,תיאור ותמלול מלא תומכים בשלבי התכנון; שמות שירותים משתנים ולכן העקרונות חשובים מן המוצר.
k6mUJ309W3k,https://www.youtube.com/watch?v=k6mUJ309W3k,en,Roadcraft Nottingham - Motorcycle Training,Smoother riding with good throttle control: Motorcycle riding tips 2020,approved,description;transcript,high,5,תמלול מלא של מדריך ותיק מתאר תרגיל ברור והדגמת כביש; יש קידום וקישור לתרומות.
y1_j_49as9s,https://www.youtube.com/watch?v=y1_j_49as9s,en,SIK Baggers,⚡Complete Guide to T-CLOCS Motorcycle Inspection Checklist for Ultimate Safety⚡,approved,description;transcript,high,4,תמלול נרחב עובר על הרשימה הרשמית; המקור אינו גוף MSF ולכן נוספה הפניה למסמך ולספר הרכב.
3QNTu2pzRfg,https://www.youtube.com/watch?v=3QNTu2pzRfg,en,SoCal Off-Road School,Top 3 Off Road Riding Tips|Dual Sport Enduro ADV,approved,description;transcript,high,5,תיאור ותמלול מלא ממדריך בית ספר מאמתים שלושה יסודות ואת טעויות הרקע; יש קידום לקורסים.
5S4fHLYnjgM,https://www.youtube.com/watch?v=5S4fHLYnjgM,en,SoCal Off-Road School,Hand Position When Sitting And Standing| Adventure Motorcycle Riding Tip,approved,description;transcript,high,5,תיאור ותמלול מלא ממדריך מאמתים את זוויות היד והפקדים; יש קידום אקדמיה וניוזלטר.
5uiMlyOgjjg,https://www.youtube.com/watch?v=5uiMlyOgjjg,en,SoCal Off-Road School,ADV Offroad Seating Position| Big Bike Riding Tips,approved,description;transcript,high,5,תיאור ותמלול מלא של מדריך מספקים הדגמה מקורבת ומקשרים תנוחה לאחיזת קדמי.
vFRDMa7gwIU,https://www.youtube.com/watch?v=vFRDMa7gwIU,en,Suzuki2Wheelers,Mastering the Pre-Ride Inspection: Ensuring safety before every journey,approved,description;transcript,high,4,תיאור ותמלול מלא מערוץ יצרן מאמתים את הרשימה; ערכי מדידה מדויקים נשארים לפי ספר הדגם.
eTBshYyXrW0,https://www.youtube.com/watch?v=eTBshYyXrW0,en,TWO WHEELS PARADISE,🌙🏍️ MOTORCYCLE NIGHT RIDING SAFETY TIPS 🏍️🌙,approved,description;transcript,high,4,תמלול מלא תומך בבדיקות ובדוגמאות מקומיות; המקור אינו בית ספר ולכן התוכן משמש רשימת הכנה משלימה.
i1eqhcPC6g8,https://www.youtube.com/watch?v=i1eqhcPC6g8,en,TWO WHEELS PARADISE,🌙🏍️ RIDING A MOTORCYCLE AT NIGHT FOR BEGINNERS 🏍️🌙,approved,description;transcript,high,4,"תמלול מלא תומך בנראות, מרחק ומפגעים; זהו מקור קהילתי ולכן העצות משלימות הדרכה מוסמכת."
ZCCxERsvQdw,https://www.youtube.com/watch?v=ZCCxERsvQdw,en,Two-Wheel Truth,12 DEADLY Motorcycle Packing Mistakes You're Making,approved,description;transcript,high,3,התמלול תומך בעצות האריזה אך כולל מספרים דרמטיים ללא מקור גלוי; הוכנסו רק העקרונות המעשיים.
oZiD8uxH0hQ,https://www.youtube.com/watch?v=oZiD8uxH0hQ,en,Wanderlust Revs,"Sand, Mud, Ruts? This Drill Fixes Everything | ADV Fundamentals with Chris Birch",approved,description;transcript,high,5,תיאור ותמלול מלא של אימון כריס בירץ' מאמתים את התרגיל והתיקונים; המקור המציג הוא ערוץ קהילתי.
ov7AqO_51iI,https://www.youtube.com/watch?v=ov7AqO_51iI,en,Youthbuddy,Night Driving Guide for Bike Riders | Safe Night Riding Tips | Youth Buddy,approved,description;transcript,high,4,"תיאור ותמלול מלא מכסים הכנה, קצב וחירום; המקור הכללי אינו בית ספר ולכן מוצג כמבוא בלבד."
h5YrGuIGgVI,https://www.youtube.com/watch?v=h5YrGuIGgVI,en,Big Rock Moto,7 Surprising Lessons from Advanced ADV Training with Chris Birch,approved,description;chapters;transcript,high,5,תשעה פרקים ותמלול מלא תומכים בשבע התובנות ומזהים את כריס בירץ' כמאמן; יש חסות וקישורים מסחריים.
6tlSdNGLPkY,https://www.youtube.com/watch?v=6tlSdNGLPkY,en,CanyonChasers,"The Always, Onlys and Nevers of Motorcycle Riding",approved,description;chapters;transcript,high,5,חמישה פרקים ותמלול מלא עם הפניות למקורות הדרכה תומכים בניתוח; הערוץ כולל חברות וחסויות.
HlZvuK_3kPQ,https://www.youtube.com/watch?v=HlZvuK_3kPQ,en,DanDanTheFireman,5 Motorcycle Pre-Ride Checks You Need to Do!,approved,description;chapters;transcript,high,4,שישה פרקים ותמלול מלא מאמתים כל בדיקה; הסרטון כולל קידום קורסים וקישורי הנחה.
bQws3UL3lSc,https://www.youtube.com/watch?v=bQws3UL3lSc,en,DanDanTheFireman,5 Motorcycle Road Hazards You Need To Watch Out For,approved,description;chapters;transcript,high,4,שבעה פרקים ותמלול מלא מספקים דוגמאות מגוונות; פרק הגרלה שיווקי יוסר מן הפרקים.
2HTa9iHvI6U,https://www.youtube.com/watch?v=2HTa9iHvI6U,en,FTA Adventures,5 TIPS FOR COMFORT ON A LONG MOTORCYCLE TRIP,approved,description;chapters;transcript,high,5,"שישה פרקים ותמלול מלא תומכים בכל חמש העצות; יש ספר, Patreon וקישורי שותפים."
1LVSrs4HucI,https://www.youtube.com/watch?v=1LVSrs4HucI,en,Moto Control,"How to make Amazing U-Turns, like Japanese Police",approved,description;chapters;transcript,high,5,שמונה פרקים ותמלול מלא מאמתים את ההשוואה והתרגיל; הסרטון מקדם קורסים וחסות.
S36MgsVsHsA,https://www.youtube.com/watch?v=S36MgsVsHsA,en,Moto Control,Mastering the FRICTION ZONE - Slow speed motorcycle clutch control,approved,description;chapters;transcript,high,5,שישה פרקים ותמלול מלא תומכים בשלבי הלימוד ובאזהרת הרגליים; יש קורסים וחסות.
GerHAGwhX9k,https://www.youtube.com/watch?v=GerHAGwhX9k,en,Riding in the Ozarks,15 Group Riding Tips for Motorcyclist! Motorcycle Safety!,approved,description;chapters;transcript,high,4,"פרקים ותמלול מלא מכסים 15 עצות; זהו מקור מנוסה אך לא בית ספר, ויש קישורי שותפים וחברות."
LvmXbZlf6M8,https://www.youtube.com/watch?v=LvmXbZlf6M8,en,Taylor Mackenzie,Motorcycle Riding Tips To Ride Like A Pro!,approved,description;chapters;transcript,high,5,עשרה פרקים ותמלול מלא מרוכב מרוצים מקצועי מאמתים את הנושאים; התוכן מסחרי ומוכוון מסלול.
6VjSNKBobko,https://www.youtube.com/watch?v=6VjSNKBobko,en,ExpertVillage Leaf Group,How to Carry Passengers on a Motorcycle,approved,description;transcript,high,4,תיאור ותמלול קצר מאמתים התאמת אופנוע ותנוחה; העומק מוגבל ולכן הסרטון משמש מבוא בלבד.
x10WJdhm0wU,https://www.youtube.com/watch?v=x10WJdhm0wU,en,Megs Braap,Riding Gnarly Rocks Obstacles,approved,description;transcript,high,3,התמלול הקצר מאמת את מבנה התוואי אך כמעט אינו מלמד טכניקה; נשמר רק כניתוח מתקדם ומסומן בבירור.
uT-staOOo9w,https://www.youtube.com/watch?v=uT-staOOo9w,en,Paul Tannahill,How to Safely Lift a Fallen Motorcycle,approved,description;transcript,high,5,תיאור ותמלול מלא מזהים מדריכת Team Oregon ומאמתים את רצף ההערכה וההרמה.
CXMqS_gMOS0,https://www.youtube.com/watch?v=CXMqS_gMOS0,en,DanDanTheFireman,From Zero to Riding: Motorcycle Training for Absolute Beginners,approved,description;chapters;transcript,high,5,שבעה פרקים ותמלול נרחב מאוד תומכים ברצף; המקור מקדם מערכת הדרכה מסחרית.
3tSkUdUYaA4,https://www.youtube.com/watch?v=3tSkUdUYaA4,en,Adam Riemann,5 Steps to Transform Your Off-road Bike's Handling,approved,description;chapters;transcript,high,5,שישה פרקים ותמלול מלא מיוצר מנוסה מאמתים את סדר הכיוון; הערכים הספציפיים תלויי אופנוע.
UbemLevjCHw,https://www.youtube.com/watch?v=UbemLevjCHw,en,Adam Riemann,How to survive ruts Husqvarna TE300,approved,description;chapters;transcript,high,5,"חמישה פרקים ותמלול מלא מאמתים חילוץ, תנופה ופנייה; הטכניקה סווגה מתקדם בלבד."
dWkoJmTyrtI,https://www.youtube.com/watch?v=dWkoJmTyrtI,en,AdventurePiggy,Tenere 700 Rear Tire/Tube Repair,approved,description;chapters;transcript,high,5,שמונה פרקים ותמלול מלא מתעדים את כל הפעולות ואת מגבלות ערכת הדרך; המקור הוא ניסיון אישי שקוף.
46iiFjZUEUA,https://www.youtube.com/watch?v=46iiFjZUEUA,en,Autozium,This One Trick Fixes Your Slow-Speed Struggles.,approved,description;chapters;transcript,high,4,עשרה פרקים ותמלול מלא תומכים בגורמי האבחון; הכותרת שיווקית והיוצר אינו מציג הסמכה.
J0ijNI0HhFA,https://www.youtube.com/watch?v=J0ijNI0HhFA,en,Gliding_On_Two's,How to Avoid Motorcycle Fatigue on Long Distance Rides,approved,description;chapters;transcript,high,4,שישה פרקים ותמלול מלא תומכים בעצות; זהו ניסיון אישי ולא ייעוץ רפואי או ארגונומי מקצועי.
nM4y8J-5ZCA,https://www.youtube.com/watch?v=nM4y8J-5ZCA,en,Off Road Skills,How To Ride Off Road with BMW Off Road Skills - Motorcycle Live 2020,approved,description;chapters;transcript,high,5,תשעה פרקים ותמלול מלא מבית ספר מקצועי מאמתים את רצף הקורס; הסרטון גם מקדם קורסים.
XgPpLKCUlbA,https://www.youtube.com/watch?v=XgPpLKCUlbA,en,RevZilla,How To Clean & Lube Your Motorcycle Chain at RevZilla.com,approved,description;chapters;transcript,high,5,"שמונה פרקים ותמלול מלא מאמתים סוגים, בדיקה וניקוי; RevZilla הוא קמעונאי ולכן התוכן מסחרי."
vVBdOqqKt-A,https://www.youtube.com/watch?v=vVBdOqqKt-A,en,Robert Baldinger,Your First Gravel Ride on an Adventure Bike,approved,description;chapters;transcript,high,5,שבעה פרקים ותמלול מלא תומכים בכל שלבי הכניסה; יש Patreon וקידום ערוץ.
_4KinOAw74Q,https://www.youtube.com/watch?v=_4KinOAw74Q,en,Rocky Mountain ATV MC,Dirt Bike Chain Maintenance & Adjustment,approved,description;chapters;transcript,high,5,ארבעה פרקים ותמלול מלא מספקים תהליך ברור; המקור קמעונאי ומקדם מוצרים.
VKCEzq_fUNg,https://www.youtube.com/watch?v=VKCEzq_fUNg,en,Expat on Two Wheels,How to do River Crossings - 5 Tips,approved,description;chapters;transcript,high,4,"תיאור, שבעה פרקים ותמלול מלא תומכים בעצות; היוצר מצהיר על טעויותיו ואינו מוצג כמדריך."
bYhY-nzJnqY,https://www.youtube.com/watch?v=bYhY-nzJnqY,en,IRC Tire USA Moto,Proper Hard Enduro Downhill Technique. How to Conquer Steep Downhill Descents.,approved,description;chapters;transcript,high,5,חמישה פרקים ותמלול מלא של מדריך טכני מאמתים את התהליך; העצה המתקדמת סויגה במפורש.
6_VlZuPDOSM,https://www.youtube.com/watch?v=6_VlZuPDOSM,en,Ninja Nick,How To Ride A Motorcycle For Beginners: Ninja 400,approved,description;chapters;transcript,high,4,"תיאור, שלושה פרקים ותמלול מלא תומכים ברצף; היוצר אינו מציג הסמכת הדרכה ולכן הסרטון משלים קורס בלבד."
tkQ-s7PI5Ds,https://www.youtube.com/watch?v=tkQ-s7PI5Ds,en,ADVMotoSkillZ,3 Safe ADV Motorcycle Lifting Techniques,approved,description;transcript,high,4,תיאור ותמלול מלא מאמתים שלוש טכניקות ומכניקת גוף; המקור מקדם תוכן וחסויות ואינו מחליף תרגול מפוקח.
qwK6pdXY7rw,https://www.youtube.com/watch?v=qwK6pdXY7rw,en,Boundless Backcountry,Adventure Motorcycles: River Crossing with a Wipe-Out,approved,description;transcript,high,3,התמלול קצר ומאמת בעיקר את האירוע והסלע; הערך הוא Red-case לניתוח ולא הסבר טכני.
FCTnaF_aZP0,https://www.youtube.com/watch?v=FCTnaF_aZP0,en,DanDanTheFireman,How To Turn ANY Motorcycle At A Slow Speed (Tight Turn From A Stop),approved,description;transcript,high,4,תמלול מלא תומך בפריסה ובקלטים; הסרטון מסחרי ומקדם מערכת אימון.
MBS_7UeiXnQ,https://www.youtube.com/watch?v=MBS_7UeiXnQ,en,Gray Beard Biker,Motorcycle Riding Formation Explained |  Learn Safe Group Riding,approved,description;transcript,high,4,תיאור ותמלול מלא תומכים בסוגי המבנה; המקור קהילתי ומקדם תוכן נוסף.
zMuVNBk9Ogw,https://www.youtube.com/watch?v=zMuVNBk9Ogw,en,Chris Birch - Off Road Coach,Birchy's Off - Road Recovery. Chris Birch,approved,description;transcript,high,5,תמלול מלא ממאמן שטח מוכר מתעד את החילוץ בפועל; יש קוד הנחה וקידום מסחרי.
6IybZ8hvuDk,https://www.youtube.com/watch?v=6IybZ8hvuDk,en,MotoJitsu®,Expert Motorcop Advice: Handling Heavy Motorcycles Like A Pro!,approved,description;transcript,high,4,תמלול מלא מאמת את הטיפ ואת מקורו בקורס Ride Like a Pro; זהו טיפ יחיד ולא מדריך הרמה מלא.
KRgG21OBjcE,https://www.youtube.com/watch?v=KRgG21OBjcE,en,RevZilla,How to Clean & Lube Your Motorcycle Chain (The Right Way) | The Shop Manual,approved,description;transcript,high,5,תמלול מלא ומפורט של The Shop Manual מאמת את כל שלבי הטיפול; הפתיחה כוללת מבצע מסחרי לצמיגים.
vfOO-xV02vo,https://www.youtube.com/watch?v=vfOO-xV02vo,en,Roia Moto,CHANGE A MOTORCYCLE TIRE WHILE TRAVELLING,approved,description;transcript,high,4,תיאור ותמלול מלא מאמתים את התהליך; זהו ניסיון אישי ולכן נתוני מומנט נשארים לספר השירות.
DW0GVIvub44,https://www.youtube.com/watch?v=DW0GVIvub44,en,Terra-Moto,Motorcycle SAG Setup Guide: The Hidden Suspension Setting Every Rider Overlooks,approved,description;transcript,high,5,תמלול מלא עם מומחה מתלים מאמת מדידה והתאמות; הערכים סויגו לדגם הספציפי.
wrklB5UMWOU,https://www.youtube.com/watch?v=wrklB5UMWOU,en,Adam Riemann,How to pop up the front wheel. The secret to riding confidently offroad.,approved,description;chapters;transcript,high,5,חמישה פרקים ותמלול מלא מאמתים את העיקרון והיישום; הסרטון כולל חסות.
jevfjCDOddA,https://www.youtube.com/watch?v=jevfjCDOddA,en,Big Rock Moto,"Motorcycle Touring? Here's what to take, and how to pack it.",approved,description;chapters;transcript,high,4,שבעה־עשר פרקים ותמלול מלא תומכים ברשימה; זהו ניסיון אישי עם מרצ'נדייז וקישורי שותפים.
OFWtuGVuA2I,https://www.youtube.com/watch?v=OFWtuGVuA2I,en,Brake Magazine,Perfectly set up your adventure bike | MiniTip Monday,approved,description;chapters;transcript,high,5,"שלושה־עשר פרקים ותמלול מלא תומכים בתהליך; הסרטון כולל חסות, Patreon וחנות."
vQo1kb3kL60,https://www.youtube.com/watch?v=vQo1kb3kL60,en,Dork in the Road,How to Ride a Motorcycle on Gravel Roads: Five Gravel Riding Tips for Beginners,approved,description;chapters;transcript,high,5,שבעה פרקים ותמלול מלא מספקים רצף מתחילים ברור; המקור כולל Patreon וקישורי שותפים.
AWd4shge0qc,https://www.youtube.com/watch?v=AWd4shge0qc,en,FortNine,Ventilation vs Safety – How to Choose Smarter Summer Motorcycle Gear,approved,description;chapters;transcript,high,4,שלושה פרקים ותמלול מלא תומכים בהשוואת החומרים; זהו תוכן קמעונאי עם קישורי שותפים ומוצרים.
rmWQKoN6yX0,https://www.youtube.com/watch?v=rmWQKoN6yX0,en,FortNine,Best Beginner Motorcycle Gear – What Do You Really Need?,approved,description;chapters;transcript,high,4,חמישה פרקים ותמלול מלא מספקים נימוק אנטומי; הסרטון ישן ומסחרי ולכן נדרשת בדיקת תקנים עדכנית.
Kt3mVmoityo,https://www.youtube.com/watch?v=Kt3mVmoityo,en,Gray Beard Biker,🚨 Motorcycle Pack Riding Positions in a Group | Learn Where to Ride and Why 🚨,approved,description;chapters;transcript,high,4,שלושה פרקים ותמלול מלא תומכים בתפקידים; ההקשר מבוסס מועדון ולכן יש להתאימו לקבוצה.
TujQZ4bRgjQ,https://www.youtube.com/watch?v=TujQZ4bRgjQ,en,Great Motorcycle Roads,Does Google Maps Have Motorcycle Routes? | 5 Tips for Great Motorcycle Trips,approved,description;chapters;transcript,high,4,שמונה פרקים ותמלול מלא מאמתים את הכלים נכון ל־2025; השימוש דורש בדיקה עדכנית ויש קידום ערוץ.
kInjwfYnVYU,https://www.youtube.com/watch?v=kInjwfYnVYU,en,Great Motorcycle Roads,Google Maps vs GPX: What Actually Works for Motorcycle Trips?,approved,description;chapters;transcript,high,4,חמישה פרקים ותמלול מלא תומכים בהשוואה; תכונות התוכנה משתנות ויש קידום מסחרי.
tNUbI03Pw4I,https://www.youtube.com/watch?v=tNUbI03Pw4I,en,Kyle Bradshaw,Step-by-Step Flat Tire Tube Repair - Trailside - How To Fix a Front Flat,approved,description;chapters;transcript,high,4,שישה פרקים מאמתים את רצף הכלים; התמלול קצר וחלקי ולכן הסיווג בינוני ומגובה בתיאור.
n5d2muv5OtE,https://www.youtube.com/watch?v=n5d2muv5OtE,en,FortNine,How to Cross Water on Your Motorcycle,approved,description;transcript,high,4,"תמלול מלא תומך בבדיקת עומק וקו; יש חסות NordVPN והצגה בידורית, ולכן נשמרו רק העקרונות."
mCIxtcnmeYQ,https://www.youtube.com/watch?v=mCIxtcnmeYQ,en,IRC Tire USA Moto,The Secret to Hillclimbs!,approved,description;transcript,high,5,תמלול מלא מקליניקה מקצועית תומך בטכניקה ובתיקונים; אין פרקים ולכן הניווט פחות נוח.
RQBTnhHzthU,https://www.youtube.com/watch?v=RQBTnhHzthU,en,mxtvshow,MXTV Rider Tip - Deep Sand,approved,description;transcript,high,4,תיאור ותמלול מלא תומכים ביסודות; זהו חלק ראשון קצר ולכן נדרש מקור נוסף לטכניקה מתקדמת.
pNDdOJsAslg,https://www.youtube.com/watch?v=pNDdOJsAslg,en,The Girl On A Bike,How to Ride a Motorcycle in Sand,approved,description;chapters;transcript,high,5,שבעה פרקים ותמלול מלא תומכים בכל הנושאים; יש קידום ערוץ וקישורים מסחריים.
DhtzQXjS8kA,https://www.youtube.com/watch?v=DhtzQXjS8kA,en,The Moto Barista,Standing Technique Every Beginner Adventure Motorcycle Rider Needs to Know!,approved,description;transcript,high,4,תיאור ותמלול מלא תומכים בתנוחה; המקור הוא רוכב מנוסה ולא בית ספר מזוהה.
_FzURX3rpyM,https://www.youtube.com/watch?v=_FzURX3rpyM,en,Brake Magazine,The Perfect Basic Off Road Standing Position - Mini-Tip Monday,approved,description;chapters;transcript,high,5,חמישה פרקים ותמלול מלא תומכים בכל נקודת מגע; יש Patreon וחנות.
eqcDXVEtW9Q,https://www.youtube.com/watch?v=eqcDXVEtW9Q,en,Brake Magazine,Advanced Off-Road Standing Position & Technique - MiniTip Monday,approved,description;chapters;transcript,high,5,שישה פרקים ותמלול מלא תומכים בדפוסי התנועה; המקור מקדם Patreon וביגוד.
oW1fVY2m7JI,https://www.youtube.com/watch?v=oW1fVY2m7JI,en,Adventure Warehouse,ABS when off road = BAD!!!     Conclusive Proof using KTM 790 adventure R,approved,description;chapters;transcript,high,4,"מטא־דאטה חי, תיאור, ארבעה פרקי מקור וכתוביות אנגלית ידניות מאמתים שבע עצירות ותוצאות ההשוואה; הציון נשאר 4 משום שהניסוי נערך על אופנוע ומשטח יחידים והערוץ מסחרי."
