youtube_video_id,youtube_url,title_original,channel_name,language,topic,duration_seconds,availability,description_checked,description_characters,youtube_chapters_checked,chapter_count,captions_checked,caption_languages,contains_marketing_signal,professional_source_signal,evidence_score,preliminary_decision,decision_reason
3nwR3t6-Ftg,https://www.youtube.com/watch?v=3nwR3t6-Ftg,הדרכת אדוונצ'ר שלב א' של צביקה כהן השטח לקבוצת אדוונצ'רים מתחילים בשטח,ADV Moto Life,he,sand,431,public,True,548,True,5,True,aa|ab|af|ak|am|ar|as|ay|az|ba|be|bg|bho|bn|bo|br|bs|ca|ceb|co|crs|cs|cy|da|de|dv|dz|ee|el|en|eo|es|et|eu|fa|fi|fil|fj|fo|fr|fy|ga|gaa|gd|gl|gn|gu|gv|ha|haw|hi|hmn|hr|ht|hu|hy|id|ig|is|it|iu|iw|iw-orig|ja|jv|ka|kha|kk|kl|km|kn|ko|kri|ku|ky|la|lb|lg|ln|lo|lt|lua|luo|lv|mfe|mg|mi|mk|ml|mn|mr|ms|mt|my|ne|new|nl|no|nso|ny|oc|om|or|os|pa|pam|pl|ps|pt|pt-PT|qu|rn|ro|ru|rw|sa|sd|sg|si|sk|sl|sm|sn|so|sq|sr|ss|st|su|sv|sw|ta|te|tg|th|ti|tk|tn|to|tr|ts|tt|tum|ug|uk|ur|uz|ve|vi|war|wo|xh|yi|yo|zh-Hans|zh-Hant|zu,False,True,10,eligible_for_content_review,youtube_chapters=5; caption_tracks=157; professional_source_signal
tBzG_y2mhHU,https://www.youtube.com/watch?v=tBzG_y2mhHU,טיפ: הכרת היתרונות והחסרונות של מערכת ה-ABS באופנוע ובקטנוע,ProRiding Israel,he,braking,78,public,True,545,True,0,True,,True,True,2,rejected,no_chapters_or_captions_for_content_evidence
05DDi3qweE0,https://www.youtube.com/watch?v=05DDi3qweE0,איך לא ליפול בשטח עם אופנוע,Cohen Adventure (‫צביקה כהן השטח‬‎),he,instructor_seed,425,public,True,157,True,0,True,,False,False,2,rejected,no_chapters_or_captions_for_content_evidence
3uttfaaeYrA,https://www.youtube.com/watch?v=3uttfaaeYrA,טיפים לרוכבים על אופנועים גבוהים,Cohen Adventure (‫צביקה כהן השטח‬‎),he,obstacles,107,public,True,217,True,0,True,iw,False,False,4,eligible_for_content_review,caption_tracks=1
GqUgDGd04XE,https://www.youtube.com/watch?v=GqUgDGd04XE,קורס רכיבת כביש פרוריידינג פרו 1,ADV Moto Life,he,channel_seed,891,public,True,439,True,0,True,aa|ab|af|ak|am|ar|as|ay|az|ba|be|bg|bho|bn|bo|br|bs|ca|ceb|co|crs|cs|cy|da|de|dv|dz|ee|el|en|eo|es|et|eu|fa|fi|fil|fj|fo|fr|fy|ga|gaa|gd|gl|gn|gu|gv|ha|haw|hi|hmn|hr|ht|hu|hy|id|ig|is|it|iu|iw|iw-orig|ja|jv|ka|kha|kk|kl|km|kn|ko|kri|ku|ky|la|lb|lg|ln|lo|lt|lua|luo|lv|mfe|mg|mi|mk|ml|mn|mr|ms|mt|my|ne|new|nl|no|nso|ny|oc|om|or|os|pa|pam|pl|ps|pt|pt-PT|qu|rn|ro|ru|rw|sa|sd|sg|si|sk|sl|sm|sn|so|sq|sr|ss|st|su|sv|sw|ta|te|tg|th|ti|tk|tn|to|tr|ts|tt|tum|ug|uk|ur|uz|ve|vi|war|wo|xh|yi|yo|zh-Hans|zh-Hant|zu,False,True,8,eligible_for_content_review,caption_tracks=157; professional_source_signal
jyRIPZ1olIs,https://www.youtube.com/watch?v=jyRIPZ1olIs,קורס אדוונצ'ר 2 של פרוריידינג- מבט מבפנים,ADV Moto Life,he,channel_seed,1025,public,True,656,True,6,True,aa|ab|af|ak|am|ar|as|ay|az|ba|be|bg|bho|bn|bo|br|bs|ca|ceb|co|crs|cs|cy|da|de|dv|dz|ee|el|en|eo|es|et|eu|fa|fi|fil|fj|fo|fr|fy|ga|gaa|gd|gl|gn|gu|gv|ha|haw|hi|hmn|hr|ht|hu|hy|id|ig|is|it|iu|iw|iw-orig|ja|jv|ka|kha|kk|kl|km|kn|ko|kri|ku|ky|la|lb|lg|ln|lo|lt|lua|luo|lv|mfe|mg|mi|mk|ml|mn|mr|ms|mt|my|ne|new|nl|no|nso|ny|oc|om|or|os|pa|pam|pl|ps|pt|pt-PT|qu|rn|ro|ru|rw|sa|sd|sg|si|sk|sl|sm|sn|so|sq|sr|ss|st|su|sv|sw|ta|te|tg|th|ti|tk|tn|to|tr|ts|tt|tum|ug|uk|ur|uz|ve|vi|war|wo|xh|yi|yo|zh-Hans|zh-Hant|zu,False,True,10,rejected,title_indicates_non_instructional_or_promotional_content
HWNbjhnBTMM,https://www.youtube.com/watch?v=HWNbjhnBTMM,ביצוע PIVOT עם אופנוע אדוונצ'ר בשטח,ProRiding Israel,he,required_seed,81,public,True,235,True,0,True,aa|ab|af|ak|am|ar|as|ay|az|ba|be|bg|bho|bn|bo|br|bs|ca|ceb|co|crs|cs|cy|da|de|dv|dz|ee|el|en|eo|es|et|eu|fa|fi|fil|fj|fo|fr|fy|ga|gaa|gd|gl|gn|gu|gv|ha|haw|hi|hmn|hr|ht|hu|hy|id|ig|is|it|iu|iw|iw-orig|ja|jv|ka|kha|kk|kl|km|kn|ko|kri|ku|ky|la|lb|lg|ln|lo|lt|lua|luo|lv|mfe|mg|mi|mk|ml|mn|mr|ms|mt|my|ne|new|nl|no|nso|ny|oc|om|or|os|pa|pam|pl|ps|pt|pt-PT|qu|rn|ro|ru|rw|sa|sd|sg|si|sk|sl|sm|sn|so|sq|sr|ss|st|su|sv|sw|ta|te|tg|th|ti|tk|tn|to|tr|ts|tt|tum|ug|uk|ur|uz|ve|vi|war|wo|xh|yi|yo|zh-Hans|zh-Hant|zu,False,True,6,eligible_for_content_review,caption_tracks=157; professional_source_signal
Nfox-7dggh4,https://www.youtube.com/watch?v=Nfox-7dggh4,גם לאופנועי אדוונצ'ר כבדים מותר לרחף,ProRiding Israel,he,required_seed,64,public,True,474,True,0,True,,False,True,4,rejected,no_chapters_or_captions_for_content_evidence
QkMjbG_6PzY,https://www.youtube.com/watch?v=QkMjbG_6PzY,מקשקשים בקסדה פרק 3- מדברים על בולמים עם מוש כהן,ADV Moto Life,he,required_seed,3063,public,True,270,True,0,True,,False,False,1,rejected,no_chapters_or_captions_for_content_evidence
lYBhzHlFmNU,https://www.youtube.com/watch?v=lYBhzHlFmNU,הדרכת אדוונצ'ר שלב 2 עם צ'יקו Chicco ADV Team,ADV Moto Life,he,required_seed,972,public,True,506,True,0,True,aa|ab|af|ak|am|ar|as|ay|az|ba|be|bg|bho|bn|bo|br|bs|ca|ceb|co|crs|cs|cy|da|de|dv|dz|ee|el|en|eo|es|et|eu|fa|fi|fil|fj|fo|fr|fy|ga|gaa|gd|gl|gn|gu|gv|ha|haw|hi|hmn|hr|ht|hu|hy|id|ig|is|it|iu|iw|iw-orig|ja|jv|ka|kha|kk|kl|km|kn|ko|kri|ku|ky|la|lb|lg|ln|lo|lt|lua|luo|lv|mfe|mg|mi|mk|ml|mn|mr|ms|mt|my|ne|new|nl|no|nso|ny|oc|om|or|os|pa|pam|pl|ps|pt|pt-PT|qu|rn|ro|ru|rw|sa|sd|sg|si|sk|sl|sm|sn|so|sq|sr|ss|st|su|sv|sw|ta|te|tg|th|ti|tk|tn|to|tr|ts|tt|tum|ug|uk|ur|uz|ve|vi|war|wo|xh|yi|yo|zh-Hans|zh-Hant|zu,False,True,8,eligible_for_content_review,caption_tracks=157; professional_source_signal
mi6-lTRzFkI,https://www.youtube.com/watch?v=mi6-lTRzFkI,דגשים לרכיבת שטח בעליות,Cohen Adventure (‫צביקה כהן השטח‬‎),he,required_seed,216,public,True,252,True,0,True,,False,False,2,rejected,no_chapters_or_captions_for_content_evidence
zmw788huGuk,https://www.youtube.com/watch?v=zmw788huGuk,קורס רכיבת שטח לאופנועים דו-שימושיים גדולים במועדון BMW GS,ProRiding Israel,he,required_seed,92,public,True,787,True,0,True,,False,True,4,rejected,no_chapters_or_captions_for_content_evidence
xl3emOAywZ8,https://www.youtube.com/watch?v=xl3emOAywZ8,טיפ: ביצוע היגוי הפוך באופנוע,ProRiding Israel,he,countersteering,145,public,True,461,True,0,True,,False,True,5,rejected,no_chapters_or_captions_for_content_evidence
NGsEsEp2DsA,https://www.youtube.com/watch?v=NGsEsEp2DsA,טכניקות אינדורו - שיעור מספר 1,sivan leventhal,he,hills,45,public,True,21,True,0,True,aa|ab|af|ak|am|ar|as|ay|az|ba|be|bg|bho|bn|bo|br|bs|ca|ceb|co|crs|cs|cy|da|de|dv|dz|ee|el|en|eo|es|et|eu|fa|fi|fil|fj|fo|fr|fy|ga|gaa|gd|gl|gn|gu|gv|ha|haw|hi|hmn|hr|ht|hu|hy|id|ig|is|it|iu|iw|iw-orig|ja|jv|ka|kha|kk|kl|km|kn|ko|kri|ku|ky|la|lb|lg|ln|lo|lt|lua|luo|lv|mfe|mg|mi|mk|ml|mn|mr|ms|mt|my|ne|new|nl|no|nso|ny|oc|om|or|os|pa|pam|pl|ps|pt|pt-PT|qu|rn|ro|ru|rw|sa|sd|sg|si|sk|sl|sm|sn|so|sq|sr|ss|st|su|sv|sw|ta|te|tg|th|ti|tk|tn|to|tr|ts|tt|tum|ug|uk|ur|uz|ve|vi|war|wo|xh|yi|yo|zh-Hans|zh-Hant|zu,False,False,4,rejected,too_short_for_release_depth
mVhES4mwvZ4,https://www.youtube.com/watch?v=mVhES4mwvZ4,קורס רכיבת אנדורו 'נטו טכניקה',FullgaZ Magazine,he,group_riding,316,public,True,331,True,0,True,,False,True,4,rejected,no_chapters_or_captions_for_content_evidence
HPbNRlbGfr8,https://www.youtube.com/watch?v=HPbNRlbGfr8,איך לשרוד על הכביש עם אופנוע- כביש בינעירוני,Maticycles,he,urban_hazards,235,public,True,0,True,0,True,,False,False,1,rejected,description_missing; no_chapters_or_captions_for_content_evidence
WJi4FiQHIos,https://www.youtube.com/watch?v=WJi4FiQHIos,איך מרימים גלגל עם אופנוע - טוני ווילי,Tony Wheelie,he,lifting,337,public,True,246,True,0,True,,False,False,2,rejected,no_chapters_or_captions_for_content_evidence
AYi-E0rHMFM,https://www.youtube.com/watch?v=AYi-E0rHMFM,מבחן שליטה- רישיון נהיגה לאופנוע איך לבצע נכון - חיים רישיון לאופנוע,חיים רשיון לאופנוע,he,slow_control,130,public,True,61,True,0,True,,False,False,2,rejected,no_chapters_or_captions_for_content_evidence; title_indicates_non_instructional_or_promotional_content
bck9k6sihuc,https://www.youtube.com/watch?v=bck9k6sihuc,מקשקשים בקסדה פרק 1- צביקה כהן השטח,ADV Moto Life,he,sand,2198,public,True,1168,True,0,True,,False,True,4,rejected,no_chapters_or_captions_for_content_evidence
YwgKXex6VeM,https://www.youtube.com/watch?v=YwgKXex6VeM,הדרכת רכיבה מתקדמת בן כהנא,Ben Kahana,he,advanced_training,339,public,True,109,True,0,True,,False,True,4,rejected,no_chapters_or_captions_for_content_evidence
CsCvU1qOAag,https://www.youtube.com/watch?v=CsCvU1qOAag,מדריך טכני: מתיחת שרשת הינע,FullgaZ Magazine,he,maintenance,254,public,True,31,True,0,True,aa|ab|af|ak|am|ar|as|ay|az|ba|be|bg|bho|bn|bo|br|bs|ca|ceb|co|crs|cs|cy|da|de|dv|dz|ee|el|en|eo|es|et|eu|fa|fi|fil|fj|fo|fr|fy|ga|gaa|gd|gl|gn|gu|gv|ha|haw|hi|hmn|hr|ht|hu|hy|id|ig|is|it|iu|iw|iw-orig|ja|jv|ka|kha|kk|kl|km|kn|ko|kri|ku|ky|la|lb|lg|ln|lo|lt|lua|luo|lv|mfe|mg|mi|mk|ml|mn|mr|ms|mt|my|ne|new|nl|no|nso|ny|oc|om|or|os|pa|pam|pl|ps|pt|pt-PT|qu|rn|ro|ru|rw|sa|sd|sg|si|sk|sl|sm|sn|so|sq|sr|ss|st|su|sv|sw|ta|te|tg|th|ti|tk|tn|to|tr|ts|tt|tum|ug|uk|ur|uz|ve|vi|war|wo|xh|yi|yo|zh-Hans|zh-Hant|zu,False,True,7,eligible_for_content_review,caption_tracks=157; professional_source_signal
z6NG6lPDcrU,https://www.youtube.com/watch?v=z6NG6lPDcrU,מעיל רכיבה לאופנוע אדוונצ'ר ב-$69??? נשמע טוב מידי,ADV Moto Life,he,channel_seed,154,public,True,232,True,0,True,,True,False,0,rejected,no_chapters_or_captions_for_content_evidence
saohAxgahSU,https://www.youtube.com/watch?v=saohAxgahSU,הכנה לאדוונצ'ר לילה,Adventure Motorcycles,he,night,2086,public,True,79,True,0,True,,False,False,1,rejected,no_chapters_or_captions_for_content_evidence
tHrR4s7zeYI,https://www.youtube.com/watch?v=tHrR4s7zeYI,אימון דריפטים על טנרה 700 ויציאה לסולו אופרוד! 🏍️💨,Ben S. (bflance),he,gravel,2186,public,True,1956,True,0,True,aa|ab|af|ak|am|ar|as|ay|az|ba|be|bg|bho|bn|bo|br|bs|ca|ceb|co|crs|cs|cy|da|de|dv|dz|ee|el|en|eo|es|et|eu|fa|fi|fil|fj|fo|fr|fy|ga|gaa|gd|gl|gn|gu|gv|ha|haw|hi|hmn|hr|ht|hu|hy|id|ig|is|it|iu|iw|iw-orig|ja|jv|ka|kha|kk|kl|km|kn|ko|kri|ku|ky|la|lb|lg|ln|lo|lt|lua|luo|lv|mfe|mg|mi|mk|ml|mn|mr|ms|mt|my|ne|new|nl|no|nso|ny|oc|om|or|os|pa|pam|pl|ps|pt|pt-PT|qu|rn|ro|ru|rw|sa|sd|sg|si|sk|sl|sm|sn|so|sq|sr|ss|st|su|sv|sw|ta|te|tg|th|ti|tk|tn|to|tr|ts|tt|tum|ug|uk|ur|uz|ve|vi|war|wo|xh|yi|yo|zh-Hans|zh-Hant|zu,False,True,7,eligible_for_content_review,caption_tracks=157; professional_source_signal
FUoXWECH40A,https://www.youtube.com/watch?v=FUoXWECH40A,מעבר מכשולים ברכיבה על אופנוע,Cohen Adventure (‫צביקה כהן השטח‬‎),he,obstacles,110,public,True,117,True,0,True,en|iw,False,False,4,eligible_for_content_review,caption_tracks=2
YH48E19KF8o,https://www.youtube.com/watch?v=YH48E19KF8o,הדרכת רכיבה בדַשְׁדַשׁ,Cohen Adventure (‫צביקה כהן השטח‬‎),he,instructor_seed,168,public,True,182,True,0,True,de|iw,False,False,5,eligible_for_content_review,caption_tracks=2
ysyoSLg8gqE,https://www.youtube.com/watch?v=ysyoSLg8gqE,מדריך טכני: כיוון כידון ומנופים,FullgaZ Magazine,he,ergonomics,139,public,True,54,True,0,True,,False,True,4,rejected,no_chapters_or_captions_for_content_evidence
miTgURL20e8,https://www.youtube.com/watch?v=miTgURL20e8,יורדים את מעלה זרון על אדוונצ'ר - טיול שקיעה זריחה שנגמר בגרירה,Wild Adventures - Itay Dor,he,suspension,1523,public,True,797,True,11,True,aa|ab|af|ak|am|ar|as|ay|az|ba|be|bg|bho|bn|bo|br|bs|ca|ceb|co|crs|cs|cy|da|de|dv|dz|ee|el|en|eo|es|et|eu|fa|fi|fil|fj|fo|fr|fy|ga|gaa|gd|gl|gn|gu|gv|ha|haw|hi|hmn|hr|ht|hu|hy|id|ig|is|it|iu|iw|iw-orig|ja|jv|ka|kha|kk|kl|km|kn|ko|kri|ku|ky|la|lb|lg|ln|lo|lt|lua|luo|lv|mfe|mg|mi|mk|ml|mn|mr|ms|mt|my|ne|new|nl|no|nso|ny|oc|om|or|os|pa|pam|pl|ps|pt|pt-PT|qu|rn|ro|ru|rw|sa|sd|sg|si|sk|sl|sm|sn|so|sq|sr|ss|st|su|sv|sw|ta|te|tg|th|ti|tk|tn|to|tr|ts|tt|tum|ug|uk|ur|uz|ve|vi|war|wo|xh|yi|yo|zh-Hans|zh-Hant|zu,False,False,8,rejected,title_indicates_non_instructional_or_promotional_content
bhFCMdttgGA,https://www.youtube.com/watch?v=bhFCMdttgGA,"מושחתי אמצ""ש מכים שוב, הרבה בוץ וקצת טכניקה בנגב הצפוני",asaf ktm,he,mud,245,public,True,36,True,0,True,,False,False,2,rejected,no_chapters_or_captions_for_content_evidence
wzotIjnTUPI,https://www.youtube.com/watch?v=wzotIjnTUPI,טיפ/טריק חשוב שיכול להציל אתכם בזמן התקנת צמיג!,gsfrel,he,tires,277,public,True,485,True,0,True,,False,False,3,rejected,no_chapters_or_captions_for_content_evidence
0yCM4q7JPOU,https://www.youtube.com/watch?v=0yCM4q7JPOU,לוקחים אחריות - עוברים לרכיבה מודעת,הרשות הלאומית לבטיחות בדרכים,he,safety_body,54,public,True,348,True,0,True,,False,True,3,rejected,too_short_for_release_depth; no_chapters_or_captions_for_content_evidence
EPkNtdXkWpY,https://www.youtube.com/watch?v=EPkNtdXkWpY,מיגון וציוד רכיבה על אופנוע,SobeR RideR,he,protective_gear,591,public,True,1128,True,7,True,,False,False,5,eligible_for_content_review,youtube_chapters=7
Mn3QbQAL8_Y,https://www.youtube.com/watch?v=Mn3QbQAL8_Y,איך לבדוק אופנוע לפני קניה,SobeR RideR,he,pre_ride,1759,public,True,1378,True,6,True,aa|ab|af|ak|am|ar|as|ay|az|ba|be|bg|bho|bn|bo|br|bs|ca|ceb|co|crs|cs|cy|da|de|dv|dz|ee|el|en|eo|es|et|eu|fa|fi|fil|fj|fo|fr|fy|ga|gaa|gd|gl|gn|gu|gv|ha|haw|hi|hmn|hr|ht|hu|hy|id|ig|is|it|iu|iw|iw-orig|ja|jv|ka|kha|kk|kl|km|kn|ko|kri|ku|ky|la|lb|lg|ln|lo|lt|lua|luo|lv|mfe|mg|mi|mk|ml|mn|mr|ms|mt|my|ne|new|nl|no|nso|ny|oc|om|or|os|pa|pam|pl|ps|pt|pt-PT|qu|rn|ro|ru|rw|sa|sd|sg|si|sk|sl|sm|sn|so|sq|sr|ss|st|su|sv|sw|ta|te|tg|th|ti|tk|tn|to|tr|ts|tt|tum|ug|uk|ur|uz|ve|vi|war|wo|xh|yi|yo|zh-Hans|zh-Hant|zu,False,False,8,eligible_for_content_review,youtube_chapters=6; caption_tracks=157
GMEV_jVBlYY,https://www.youtube.com/watch?v=GMEV_jVBlYY,6.3.2021 עם אדוונצ'רים במדבר יהודה,משה טיולי שטח Moto Tours,he,navigation,190,public,True,74,True,0,True,,False,False,2,rejected,no_chapters_or_captions_for_content_evidence
wOL9k9mElog,https://www.youtube.com/watch?v=wOL9k9mElog,בלימת חירום באופנוע עם abs,משה פרחי - רכיבה מתקדמת,he,emergency_braking,14,public,True,110,True,0,True,,False,True,3,rejected,too_short_for_release_depth; no_chapters_or_captions_for_content_evidence
vHoAoVHkS64,https://www.youtube.com/watch?v=vHoAoVHkS64,איך להעביר הילוכים באופנוע (באופן חלק),SobeR RideR,he,group_riding,320,public,True,1324,True,4,True,,False,False,5,eligible_for_content_review,youtube_chapters=4
2z0zAvWuXvA,https://www.youtube.com/watch?v=2z0zAvWuXvA,סוף סלע 47 מסביר ומדגים איך להרים גלגל (ווילי) עם אופנוע שטח KTM,"Doron Aviad: Enduro, MMA, Ski",he,lifting,234,public,True,482,True,0,True,en|iw,False,False,6,eligible_for_content_review,caption_tracks=2
cSchxYarffc,https://www.youtube.com/watch?v=cSchxYarffc,טיפול שרשרת לאופנוע - מדריך מושלם @MoTorshop-  שימון שרשרת וניקוי שרשרת, Motor shop,he,maintenance,310,public,True,356,True,0,True,aa|ab|af|ak|am|ar|as|ay|az|ba|be|bg|bho|bn|bo|br|bs|ca|ceb|co|crs|cs|cy|da|de|dv|dz|ee|el|en|eo|es|et|eu|fa|fi|fil|fj|fo|fr|fy|ga|gaa|gd|gl|gn|gu|gv|ha|haw|hi|hmn|hr|ht|hu|hy|id|ig|is|it|iu|iw|iw-orig|ja|jv|ka|kha|kk|kl|km|kn|ko|kri|ku|ky|la|lb|lg|ln|lo|lt|lua|luo|lv|mfe|mg|mi|mk|ml|mn|mr|ms|mt|my|ne|new|nl|no|nso|ny|oc|om|or|os|pa|pam|pl|ps|pt|pt-PT|qu|rn|ro|ru|rw|sa|sd|sg|si|sk|sl|sm|sn|so|sq|sr|ss|st|su|sv|sw|ta|te|tg|th|ti|tk|tn|to|tr|ts|tt|tum|ug|uk|ur|uz|ve|vi|war|wo|xh|yi|yo|zh-Hans|zh-Hant|zu,True,True,5,eligible_for_content_review,caption_tracks=157; professional_source_signal; marketing_signal_present
CaMfDrjMFi4,https://www.youtube.com/watch?v=CaMfDrjMFi4,קצרים על בטיחות | איך רוכבים בגשם ועל כביש רטוב?,Ask Ralbad,he,rain,121,public,True,78,True,0,True,,False,True,4,rejected,no_chapters_or_captions_for_content_evidence
kTYQIODB1pA,https://www.youtube.com/watch?v=kTYQIODB1pA,"קוב 800X Rally ב-13,000 ש""ח פחות! בה.מ. מוטורס מעדכנים מחירים",AviADV,he,suspension,48,public,True,2738,True,0,True,,False,False,2,rejected,too_short_for_release_depth; no_chapters_or_captions_for_content_evidence
M9bBUVyagRY,https://www.youtube.com/watch?v=M9bBUVyagRY,ציוד רכיבה,Cohen Adventure (‫צביקה כהן השטח‬‎),he,instructor_seed,574,public,True,152,True,0,True,,False,False,2,rejected,no_chapters_or_captions_for_content_evidence
2mbGEorWqZk,https://www.youtube.com/watch?v=2mbGEorWqZk,Motorcycle Training | אימון אופנועים,Drone Hero,he,u_turn,92,public,True,131,True,0,True,,False,True,3,rejected,no_chapters_or_captions_for_content_evidence
3R5kPOa3TDI,https://www.youtube.com/watch?v=3R5kPOa3TDI,חילוץ חבר תקוע בשטח,Electric Power,he,recovery,761,public,True,111,True,0,True,,False,False,2,rejected,no_chapters_or_captions_for_content_evidence
xFXDYnozwbY,https://www.youtube.com/watch?v=xFXDYnozwbY,KTM 390 Adventure - Walk Around and Ride,FullgaZ Magazine,he,gravel,759,public,True,212,True,0,True,,False,False,2,rejected,no_chapters_or_captions_for_content_evidence; title_indicates_non_instructional_or_promotional_content
_AX2ctfRh9M,https://www.youtube.com/watch?v=_AX2ctfRh9M,בדיקה אופנוע לפני רכישה,Green Monkey,he,pre_ride,147,public,True,0,True,0,True,aa|ab|af|ak|am|ar|as|ay|az|ba|be|bg|bho|bn|bo|br|bs|ca|ceb|co|crs|cs|cy|da|de|dv|dz|ee|el|en|eo|es|et|eu|fa|fi|fil|fj|fo|fr|fy|ga|gaa|gd|gl|gn|gu|gv|ha|haw|hi|hmn|hr|ht|hu|hy|id|ig|is|it|iu|iw|iw-orig|ja|jv|ka|kha|kk|kl|km|kn|ko|kri|ku|ky|la|lb|lg|ln|lo|lt|lua|luo|lv|mfe|mg|mi|mk|ml|mn|mr|ms|mt|my|ne|new|nl|no|nso|ny|oc|om|or|os|pa|pam|pl|ps|pt|pt-PT|qu|rn|ro|ru|rw|sa|sd|sg|si|sk|sl|sm|sn|so|sq|sr|ss|st|su|sv|sw|ta|te|tg|th|ti|tk|tn|to|tr|ts|tt|tum|ug|uk|ur|uz|ve|vi|war|wo|xh|yi|yo|zh-Hans|zh-Hant|zu,False,False,4,rejected,description_missing
9vcmIOmnkQE,https://www.youtube.com/watch?v=9vcmIOmnkQE,היגוי הפוך - קצר וברור.,Moto Lamed,he,countersteering,384,public,True,368,True,0,True,,False,False,2,rejected,no_chapters_or_captions_for_content_evidence
FK5jeGkT4pY,https://www.youtube.com/watch?v=FK5jeGkT4pY,מיגון נכון לאופנוע שלך - טיונינג 🏍️👍☝️,Moto Lamed,he,protective_gear,317,public,True,87,True,0,True,,False,False,2,rejected,no_chapters_or_captions_for_content_evidence
qTAqeGOSDls,https://www.youtube.com/watch?v=qTAqeGOSDls,מדריך הוידאו לרוכב המתחיל - 45 שניות על זיהוי סכנות בכביש #1,Pkd Aerui,he,urban_hazards,56,public,True,263,True,0,True,,False,False,1,rejected,too_short_for_release_depth; no_chapters_or_captions_for_content_evidence
z_haIJ8OsxY,https://www.youtube.com/watch?v=z_haIJ8OsxY,יום הדרכת רכיבה ליחידת אבטחה רכובה על אופנועים,ProRiding Israel,he,school_seed,101,public,True,861,True,0,True,,False,True,4,rejected,no_chapters_or_captions_for_content_evidence
qzhI9loXI5M,https://www.youtube.com/watch?v=qzhI9loXI5M,רכיבת אופנועי שטח אנדורו - בן שמן,RY30,he,offroad_basics,620,public,True,0,True,0,True,,False,False,1,rejected,description_missing; no_chapters_or_captions_for_content_evidence
leKONloNRHo,https://www.youtube.com/watch?v=leKONloNRHo,רכיבת אופנועי שטח - רק 2 פעימות - בבוץ אחרי הגשם בבן שמן 21.1.12,kRuvi,he,mud,268,public,True,18,True,0,True,,False,False,2,rejected,no_chapters_or_captions_for_content_evidence
yUPBLQYcR-E,https://www.youtube.com/watch?v=yUPBLQYcR-E,הנמכה לאופנוע שטח האם כדאי? מה הדרך הנכונה לעשות? הנמכת מושב כן לא ואיך ? Lowering your dirt bike,moshe cohen,he,water_crossing,1117,public,True,74,True,0,True,,False,False,2,rejected,no_chapters_or_captions_for_content_evidence
o67DspnS35I,https://www.youtube.com/watch?v=o67DspnS35I,"הקפה של עייפות במסלול של ג'וליס, עם נפילה לקינוח",oR1515,he,fatigue,158,public,True,0,True,0,True,,False,False,1,rejected,description_missing; no_chapters_or_captions_for_content_evidence
xeYcQRQiflo,https://www.youtube.com/watch?v=xeYcQRQiflo,איך עוברים טסט לאופנוע - טל המרכז ללימודי נהיגה פתח תקווה,בית ספר טל המרכז ללימודי נהיגה,he,slow_control,165,public,True,452,True,0,True,,False,True,5,rejected,no_chapters_or_captions_for_content_evidence
QE_LzEpXQQs,https://www.youtube.com/watch?v=QE_LzEpXQQs,"חוגגים עשור לחשבון היוטיוב של הרלב""ד",הרשות הלאומית לבטיחות בדרכים,he,safety_body,58,public,True,233,True,0,True,,False,True,3,rejected,too_short_for_release_depth; no_chapters_or_captions_for_content_evidence
l_vLv-Fds5g,https://www.youtube.com/watch?v=l_vLv-Fds5g,רכיבה מודעת 🏍 | פרק 1 - אל תפתיע!,הרשות הלאומית לבטיחות בדרכים,he,night,154,public,True,220,True,0,True,aa|ab|af|ak|am|ar|as|ay|az|ba|be|bg|bho|bn|bo|br|bs|ca|ceb|co|crs|cs|cy|da|de|dv|dz|ee|el|en|eo|es|et|eu|fa|fi|fil|fj|fo|fr|fy|ga|gaa|gd|gl|gn|gu|gv|ha|haw|hi|hmn|hr|ht|hu|hy|id|ig|is|it|iu|iw|iw-orig|ja|jv|ka|kha|kk|kl|km|kn|ko|kri|ku|ky|la|lb|lg|ln|lo|lt|lua|luo|lv|mfe|mg|mi|mk|ml|mn|mr|ms|mt|my|ne|new|nl|no|nso|ny|oc|om|or|os|pa|pam|pl|ps|pt|pt-PT|qu|rn|ro|ru|rw|sa|sd|sg|si|sk|sl|sm|sn|so|sq|sr|ss|st|su|sv|sw|ta|te|tg|th|ti|tk|tn|to|tr|ts|tt|tum|ug|uk|ur|uz|ve|vi|war|wo|xh|yi|yo|zh-Hans|zh-Hant|zu,False,True,7,eligible_for_content_review,caption_tracks=157; professional_source_signal
monnV2GG-yQ,https://www.youtube.com/watch?v=monnV2GG-yQ,מתחילים במדבר #2 - רוכבי שטח מתחילים בטיול במדבר יהודה,משה טיולי שטח Moto Tours,he,navigation,250,public,True,178,True,0,True,aa|ab|af|ak|am|ar|as|ay|az|ba|be|bg|bho|bn|bo|br|bs|ca|ceb|co|crs|cs|cy|da|de|dv|dz|ee|el|en|eo|es|et|eu|fa|fi|fil|fj|fo|fr|fy|ga|gaa|gd|gl|gn|gu|gv|ha|haw|hi|hmn|hr|ht|hu|hy|id|id-orig|ig|is|it|iu|iw|ja|jv|ka|kha|kk|kl|km|kn|ko|kri|ku|ky|la|lb|lg|ln|lo|lt|lua|luo|lv|mfe|mg|mi|mk|ml|mn|mr|ms|mt|my|ne|new|nl|no|nso|ny|oc|om|or|os|pa|pam|pl|ps|pt|pt-PT|qu|rn|ro|ru|rw|sa|sd|sg|si|sk|sl|sm|sn|so|sq|sr|ss|st|su|sv|sw|ta|te|tg|th|ti|tk|tn|to|tr|ts|tt|tum|ug|uk|ur|uz|ve|vi|war|wo|xh|yi|yo|zh-Hans|zh-Hant|zu,False,False,5,rejected,title_indicates_non_instructional_or_promotional_content
BvelupbfwhM,https://www.youtube.com/watch?v=BvelupbfwhM,בלימת חירום בכביש רטוב באופנוע שמצויד במערכת abs,משה פרחי - רכיבה מתקדמת,he,emergency_braking,6,public,True,30,True,0,True,,False,True,3,rejected,too_short_for_release_depth; no_chapters_or_captions_for_content_evidence
_37R9gTBQzg,https://www.youtube.com/watch?v=_37R9gTBQzg,איך לסובב אופנוע על המקום,Cohen Adventure (‫צביקה כהן השטח‬‎),he,lifting,276,public,True,336,True,0,True,,False,False,2,rejected,no_chapters_or_captions_for_content_evidence
up-0FSj9Mcs,https://www.youtube.com/watch?v=up-0FSj9Mcs,איך לתקן פנצ'ר בגלגל עם פנימית באופנוע,Cohen Adventure (‫צביקה כהן השטח‬‎),he,puncture,620,public,True,228,True,0,True,,False,False,2,rejected,no_chapters_or_captions_for_content_evidence
_kUzaGCzuvQ,https://www.youtube.com/watch?v=_kUzaGCzuvQ,טיפ: איך לכוון נכון את מראות האופנוע?,ProRiding Israel,he,school_seed,142,public,True,361,True,0,True,,False,True,4,rejected,no_chapters_or_captions_for_content_evidence
nMiHEDMqG00,https://www.youtube.com/watch?v=nMiHEDMqG00,אדוונצ'רים מצייצים - טיול פתיחת העונה בהרי ירושלים,ADV Moto Life,he,gravel,190,public,True,378,True,0,True,,False,False,2,rejected,no_chapters_or_captions_for_content_evidence; title_indicates_non_instructional_or_promotional_content
C_GCVThzYaM,https://www.youtube.com/watch?v=C_GCVThzYaM,הדרכת רכיבה ביוון,Cohen Adventure (‫צביקה כהן השטח‬‎),he,instructor_seed,72,public,True,153,True,0,True,aa|ab|af|ak|am|ar|as|ay|az|ba|be|bg|bho|bn|bo|br|bs|ca|ceb|co|crs|cs|cy|da|de|dv|dz|ee|el|en|eo|es|et|eu|fa|fi|fil|fj|fo|fr|fy|ga|gaa|gd|gl|gn|gu|gv|ha|haw|hi|hmn|hr|ht|hu|hy|id|ig|is|it|iu|iw|ja|jv|ka|kha|kk|kl|km|kn|ko|kri|ku|ky|la|lb|lg|ln|lo|lt|lua|luo|lv|mfe|mg|mi|mk|ml|mn|mr|ms|mt|my|ne|new|nl|no|nso|ny|oc|om|or|os|pa|pam|pl|pl-orig|ps|pt|pt-PT|qu|rn|ro|ru|rw|sa|sd|sg|si|sk|sl|sm|sn|so|sq|sr|ss|st|su|sv|sw|ta|te|tg|th|ti|tk|tn|to|tr|ts|tt|tum|ug|uk|ur|uz|ve|vi|war|wo|xh|yi|yo|zh-Hans|zh-Hant|zu,False,True,6,eligible_for_content_review,caption_tracks=157; professional_source_signal
dF9KY2w7dmY,https://www.youtube.com/watch?v=dF9KY2w7dmY,מדריך טכני: ניקוי ושימון שרשרת הינע,FullgaZ Magazine,he,maintenance,214,public,True,38,True,0,True,aa|ab|af|ak|am|ar|as|ay|az|ba|be|bg|bho|bn|bo|br|bs|ca|ceb|co|crs|cs|cy|da|de|dv|dz|ee|el|en|eo|es|et|eu|fa|fi|fil|fj|fo|fr|fy|ga|gaa|gd|gl|gn|gu|gv|ha|haw|hi|hmn|hr|ht|hu|hy|id|ig|is|it|iu|iw|iw-orig|ja|jv|ka|kha|kk|kl|km|kn|ko|kri|ku|ky|la|lb|lg|ln|lo|lt|lua|luo|lv|mfe|mg|mi|mk|ml|mn|mr|ms|mt|my|ne|new|nl|no|nso|ny|oc|om|or|os|pa|pam|pl|ps|pt|pt-PT|qu|rn|ro|ru|rw|sa|sd|sg|si|sk|sl|sm|sn|so|sq|sr|ss|st|su|sv|sw|ta|te|tg|th|ti|tk|tn|to|tr|ts|tt|tum|ug|uk|ur|uz|ve|vi|war|wo|xh|yi|yo|zh-Hans|zh-Hant|zu,False,True,7,eligible_for_content_review,caption_tracks=157; professional_source_signal
WhYwXyRsABA,https://www.youtube.com/watch?v=WhYwXyRsABA,בטיחות בהפעלת אופנוע ים, Ministry of Transport and Road Safety,he,water_crossing,1270,public,True,1070,True,6,True,aa|ab|af|ak|am|ar|as|ay|az|ba|be|bg|bho|bn|bo|br|bs|ca|ceb|co|crs|cs|cy|da|de|dv|dz|ee|el|en|en-orig|eo|es|et|eu|fa|fi|fil|fj|fo|fr|fy|ga|gaa|gd|gl|gn|gu|gv|ha|haw|hi|hmn|hr|ht|hu|hy|id|ig|is|it|iu|iw|ja|jv|ka|kha|kk|kl|km|kn|ko|kri|ku|ky|la|lb|lg|ln|lo|lt|lua|luo|lv|mfe|mg|mi|mk|ml|mn|mr|ms|mt|my|ne|new|nl|no|nso|ny|oc|om|or|os|pa|pam|pl|ps|pt|pt-PT|qu|rn|ro|ru|rw|sa|sd|sg|si|sk|sl|sm|sn|so|sq|sr|ss|st|su|sv|sw|ta|te|tg|th|ti|tk|tn|to|tr|ts|tt|tum|ug|uk|ur|uz|ve|vi|war|wo|xh|yi|yo|zh|zh-CN|zh-Hans|zh-Hant|zu,False,True,10,eligible_for_content_review,youtube_chapters=6; caption_tracks=159; professional_source_signal
DOnHrnnnrt8,https://www.youtube.com/watch?v=DOnHrnnnrt8,בדיקת קטנוע לפני קנייה - כל הטיפים לקניית אופנוע,אתר מידרג,he,pre_ride,223,public,True,401,True,0,True,iw,False,False,6,eligible_for_content_review,caption_tracks=1
YHhXoBwO_hc,https://www.youtube.com/watch?v=YHhXoBwO_hc,תרום תחת עייפות 16/5/2026,הגלסים ( אור + אילן גלס ),he,fatigue,1645,public,True,0,True,0,True,aa|ab|af|ak|am|ar|as|ay|az|ba|be|bg|bho|bn|bo|br|bs|ca|ceb|co|crs|cs|cy|da|de|dv|dz|ee|el|en|eo|es|et|eu|fa|fi|fil|fj|fo|fr|fy|ga|gaa|gd|gl|gn|gu|gv|ha|haw|hi|hmn|hr|ht|hu|hy|id|ig|is|it|iu|iw|iw-orig|ja|jv|ka|kha|kk|kl|km|kn|ko|kri|ku|ky|la|lb|lg|ln|lo|lt|lua|luo|lv|mfe|mg|mi|mk|ml|mn|mr|ms|mt|my|ne|new|nl|no|nso|ny|oc|om|or|os|pa|pam|pl|ps|pt|pt-PT|qu|rn|ro|ru|rw|sa|sd|sg|si|sk|sl|sm|sn|so|sq|sr|ss|st|su|sv|sw|ta|te|tg|th|ti|tk|tn|to|tr|ts|tt|tum|ug|uk|ur|uz|ve|vi|war|wo|xh|yi|yo|zh-Hans|zh-Hant|zu,False,False,4,rejected,description_missing
DEek-peTQ6k,https://www.youtube.com/watch?v=DEek-peTQ6k,ציוד מיגון לרוכבי אופנועי שטח,טל סנדרוני,he,protective_gear,64,public,True,225,True,0,True,,False,False,1,rejected,no_chapters_or_captions_for_content_evidence
zm1MR16FaC4,https://www.youtube.com/watch?v=zm1MR16FaC4,האם זה מסוכן לרכב בצורה חוקית?,SobeR RideR,he,urban_hazards,770,public,True,1304,True,7,True,aa|ab|af|ak|am|ar|as|ay|az|ba|be|bg|bho|bn|bo|br|bs|ca|ceb|co|crs|cs|cy|da|de|dv|dz|ee|el|en|eo|es|et|eu|fa|fi|fil|fj|fo|fr|fy|ga|gaa|gd|gl|gn|gu|gv|ha|haw|hi|hmn|hr|ht|hu|hy|id|ig|is|it|iu|iw|iw-orig|ja|jv|ka|kha|kk|kl|km|kn|ko|kri|ku|ky|la|lb|lg|ln|lo|lt|lua|luo|lv|mfe|mg|mi|mk|ml|mn|mr|ms|mt|my|ne|new|nl|no|nso|ny|oc|om|or|os|pa|pam|pl|ps|pt|pt-PT|qu|rn|ro|ru|rw|sa|sd|sg|si|sk|sl|sm|sn|so|sq|sr|ss|st|su|sv|sw|ta|te|tg|th|ti|tk|tn|to|tr|ts|tt|tum|ug|uk|ur|uz|ve|vi|war|wo|xh|yi|yo|zh-Hans|zh-Hant|zu,False,False,8,eligible_for_content_review,youtube_chapters=7; caption_tracks=157
GJoXwRfem-c,https://www.youtube.com/watch?v=GJoXwRfem-c,טיול אופנועים בצפון-כרכום עד בית הילל - בהובלת הגר קרפפן,משה טיולי שטח Moto Tours,he,navigation,211,public,True,37,True,0,True,aa|ab|af|ak|am|ar|as|ay|az|ba|be|bg|bho|bn|bo|br|bs|ca|ceb|co|crs|cs|cy|da|de|dv|dz|ee|el|en|en-orig|eo|es|et|eu|fa|fi|fil|fj|fo|fr|fy|ga|gaa|gd|gl|gn|gu|gv|ha|haw|hi|hmn|hr|ht|hu|hy|id|ig|is|it|iu|iw|ja|jv|ka|kha|kk|kl|km|kn|ko|kri|ku|ky|la|lb|lg|ln|lo|lt|lua|luo|lv|mfe|mg|mi|mk|ml|mn|mr|ms|mt|my|ne|new|nl|no|nso|ny|oc|om|or|os|pa|pam|pl|ps|pt|pt-PT|qu|rn|ro|ru|rw|sa|sd|sg|si|sk|sl|sm|sn|so|sq|sr|ss|st|su|sv|sw|ta|te|tg|th|ti|tk|tn|to|tr|ts|tt|tum|ug|uk|ur|uz|ve|vi|war|wo|xh|yi|yo|zh-Hans|zh-Hant|zu,False,False,5,rejected,title_indicates_non_instructional_or_promotional_content
R2_2Pdd-QCg,https://www.youtube.com/watch?v=R2_2Pdd-QCg,קורס רכיבת אופנוע אדוונצ'ר- סקירת שוק,ADV Moto Life,he,channel_seed,219,public,True,175,True,0,True,,False,False,2,rejected,no_chapters_or_captions_for_content_evidence
UMdUg4zfh2g,https://www.youtube.com/watch?v=UMdUg4zfh2g,טיפ: איך לבחור קסדה נכונה לרוכב אופנוע או קטנוע?,ProRiding Israel,he,group_riding,381,public,True,286,True,0,True,,False,True,4,rejected,no_chapters_or_captions_for_content_evidence
e8w0uYHGCWs,https://www.youtube.com/watch?v=e8w0uYHGCWs,תנוחת רכיבה על אופנוע,ProRiding Israel,he,basics,153,public,True,454,True,0,True,,False,True,5,rejected,no_chapters_or_captions_for_content_evidence
eDiLjZyPtP8,https://www.youtube.com/watch?v=eDiLjZyPtP8,איזה בלם לבלום בבלימת חירום?,משה פרחי - רכיבה מתקדמת,he,emergency_braking,34,public,True,87,True,0,True,,False,True,3,rejected,too_short_for_release_depth; no_chapters_or_captions_for_content_evidence
lK3FtKKaMVo,https://www.youtube.com/watch?v=lK3FtKKaMVo,לרכב עם משוגעים,2wheel-adventure,he,gravel,593,public,True,163,True,0,True,,False,False,2,rejected,no_chapters_or_captions_for_content_evidence
0KIjudJZjVg,https://www.youtube.com/watch?v=0KIjudJZjVg,עליית המוות של שפית- אדוונצ'ר בהרי ירושלים,ADV Moto Life,he,obstacles,697,public,True,230,True,0,True,,False,False,2,rejected,no_chapters_or_captions_for_content_evidence
vTlHV9zIlkA,https://www.youtube.com/watch?v=vTlHV9zIlkA,fox head ציוד לרכיבת שטח ומוטוקרוס,FOX HEAD Israel,he,protective_gear,190,public,True,150,True,0,True,,False,False,2,rejected,no_chapters_or_captions_for_content_evidence
PCcZCLdLLfM,https://www.youtube.com/watch?v=PCcZCLdLLfM,רכיבה בבוץ אחרי שבועיים של גשם ביער בן שמן 10.1.2020,kRuvi,he,mud,68,public,True,0,True,0,True,,False,False,0,rejected,description_missing; no_chapters_or_captions_for_content_evidence
uGk1EH74qeM,https://www.youtube.com/watch?v=uGk1EH74qeM,ניב אופנועים - טיפים לרכישת אופנוע משומש,nivmoto,he,pre_ride,111,public,True,114,True,0,True,,False,False,1,rejected,no_chapters_or_captions_for_content_evidence
OLNDCTlHmWE,https://www.youtube.com/watch?v=OLNDCTlHmWE,תחשבו על הפנייה האהובה עליכם... תחשבו על אחיזת כביש מושלמת... תחשבו על הפיירבלייד החדש של הונדה!,הונדה אופנועים,he,fatigue,45,public,True,0,True,0,True,aa|ab|af|ak|am|ar|as|ay|az|ba|be|bg|bho|bn|bo|br|bs|ca|ceb|co|crs|cs|cy|da|de|dv|dz|ee|el|en|eo|es|et|eu|fa|fi|fil|fj|fo|fr|fy|ga|gaa|gd|gl|gn|gu|gv|ha|haw|hi|hmn|hr|ht|hu|hy|id|ig|is|it|iu|iw|iw-orig|ja|jv|ka|kha|kk|kl|km|kn|ko|kri|ku|ky|la|lb|lg|ln|lo|lt|lua|luo|lv|mfe|mg|mi|mk|ml|mn|mr|ms|mt|my|ne|new|nl|no|nso|ny|oc|om|or|os|pa|pam|pl|ps|pt|pt-PT|qu|rn|ro|ru|rw|sa|sd|sg|si|sk|sl|sm|sn|so|sq|sr|ss|st|su|sv|sw|ta|te|tg|th|ti|tk|tn|to|tr|ts|tt|tum|ug|uk|ur|uz|ve|vi|war|wo|xh|yi|yo|zh-Hans|zh-Hant|zu,False,False,3,rejected,too_short_for_release_depth; description_missing
t9ah2d7bW1w,https://www.youtube.com/watch?v=t9ah2d7bW1w,החלפת פנימית - באופנוע שטח או קטנוע,הכלך האבוד,he,puncture,1237,public,True,106,True,0,True,,False,True,4,rejected,no_chapters_or_captions_for_content_evidence
S8KUwhyx1YU,https://www.youtube.com/watch?v=S8KUwhyx1YU,"אז מי זה החכם רלב""ד? מגלים את הסוד!",הרשות הלאומית לבטיחות בדרכים,he,safety_body,62,public,True,26,True,0,True,iw,False,True,6,eligible_for_content_review,caption_tracks=1; professional_source_signal
i7vcL3L7750,https://www.youtube.com/watch?v=i7vcL3L7750,איך לנקות שרשרת אופנוע - תחזוקה נכונה,SobeR RideR,he,maintenance,459,public,True,1372,True,8,True,aa|ab|af|ak|am|ar|as|ay|az|ba|be|bg|bho|bn|bo|br|bs|ca|ceb|co|crs|cs|cy|da|de|dv|dz|ee|el|en|eo|es|et|eu|fa|fi|fil|fj|fo|fr|fy|ga|gaa|gd|gl|gn|gu|gv|ha|haw|hi|hmn|hr|ht|hu|hy|id|ig|is|it|iu|iw|iw-orig|ja|jv|ka|kha|kk|kl|km|kn|ko|kri|ku|ky|la|lb|lg|ln|lo|lt|lua|luo|lv|mfe|mg|mi|mk|ml|mn|mr|ms|mt|my|ne|new|nl|no|nso|ny|oc|om|or|os|pa|pam|pl|ps|pt|pt-PT|qu|rn|ro|ru|rw|sa|sd|sg|si|sk|sl|sm|sn|so|sq|sr|ss|st|su|sv|sw|ta|te|tg|th|ti|tk|tn|to|tr|ts|tt|tum|ug|uk|ur|uz|ve|vi|war|wo|xh|yi|yo|zh-Hans|zh-Hant|zu,False,False,8,eligible_for_content_review,youtube_chapters=8; caption_tracks=157
oMnfpPeBr2o,https://www.youtube.com/watch?v=oMnfpPeBr2o,כביש מהיר אופנוע חלש,SobeR RideR,he,urban_hazards,445,public,True,1223,True,0,True,,False,False,3,rejected,no_chapters_or_captions_for_content_evidence
Mv9pGSii7Ig,https://www.youtube.com/watch?v=Mv9pGSii7Ig,טיול אופנועים ליוון עם צביקה כהן השטח,משה טיולי שטח Moto Tours,he,navigation,184,public,True,62,True,0,True,aa|ab|af|ak|am|ar|as|ay|az|ba|be|bg|bho|bn|bo|br|bs|ca|ceb|co|crs|cs|cy|da|de|dv|dz|ee|el|el-orig|en|eo|es|et|eu|fa|fi|fil|fj|fo|fr|fy|ga|gaa|gd|gl|gn|gu|gv|ha|haw|hi|hmn|hr|ht|hu|hy|id|ig|is|it|iu|iw|ja|jv|ka|kha|kk|kl|km|kn|ko|kri|ku|ky|la|lb|lg|ln|lo|lt|lua|luo|lv|mfe|mg|mi|mk|ml|mn|mr|ms|mt|my|ne|new|nl|no|nso|ny|oc|om|or|os|pa|pam|pl|ps|pt|pt-PT|qu|rn|ro|ru|rw|sa|sd|sg|si|sk|sl|sm|sn|so|sq|sr|ss|st|su|sv|sw|ta|te|tg|th|ti|tk|tn|to|tr|ts|tt|tum|ug|uk|ur|uz|ve|vi|war|wo|xh|yi|yo|zh-Hans|zh-Hant|zu,False,False,5,rejected,title_indicates_non_instructional_or_promotional_content
rUebtFqywso,https://www.youtube.com/watch?v=rUebtFqywso,5 טעויות שרוכבי אופנועים עושים | ALOOSH,Aloosh,he,basics,484,public,True,80,True,0,True,,False,False,2,rejected,no_chapters_or_captions_for_content_evidence
L2_CBYlLkWs,https://www.youtube.com/watch?v=L2_CBYlLkWs,שימוש בבקרות האופנוע ברכיבת שטח,Cohen Adventure (‫צביקה כהן השטח‬‎),he,obstacles,132,public,True,175,True,0,True,,False,False,2,rejected,no_chapters_or_captions_for_content_evidence
keR2svi5eSk,https://www.youtube.com/watch?v=keR2svi5eSk,אור מתרגל בלימה ספורטיבית,משה פרחי - רכיבה מתקדמת,he,braking,20,public,True,165,True,0,True,,False,True,3,rejected,too_short_for_release_depth; no_chapters_or_captions_for_content_evidence
JlbTwbRMtZI,https://www.youtube.com/watch?v=JlbTwbRMtZI,"אדוונצ'רים מתחילים - טיול ראש השנה תשפ""ד לצפון",ADV Moto Life,he,channel_seed,1978,public,True,607,True,0,True,aa|ab|af|ak|am|ar|as|ay|az|ba|be|bg|bho|bn|bo|br|bs|ca|ceb|co|crs|cs|cy|da|de|dv|dz|ee|el|en|eo|es|et|eu|fa|fi|fil|fj|fo|fr|fy|ga|gaa|gd|gl|gn|gu|gv|ha|haw|hi|hmn|hr|ht|hu|hy|id|ig|is|it|iu|iw|iw-orig|ja|jv|ka|kha|kk|kl|km|kn|ko|kri|ku|ky|la|lb|lg|ln|lo|lt|lua|luo|lv|mfe|mg|mi|mk|ml|mn|mr|ms|mt|my|ne|new|nl|no|nso|ny|oc|om|or|os|pa|pam|pl|ps|pt|pt-PT|qu|rn|ro|ru|rw|sa|sd|sg|si|sk|sl|sm|sn|so|sq|sr|ss|st|su|sv|sw|ta|te|tg|th|ti|tk|tn|to|tr|ts|tt|tum|ug|uk|ur|uz|ve|vi|war|wo|xh|yi|yo|zh-Hans|zh-Hant|zu,False,False,5,rejected,title_indicates_non_instructional_or_promotional_content
0zrwC8gNf1A,https://www.youtube.com/watch?v=0zrwC8gNf1A,טיפ שכול רוכב אופנוע צריך לדעת | ALOOSH,Aloosh,he,urban_hazards,347,public,True,0,True,0,True,,False,False,1,rejected,description_missing; no_chapters_or_captions_for_content_evidence
qt262cjyWAc,https://www.youtube.com/watch?v=qt262cjyWAc,ASK Ralbad | איך מרכיבים אדם נוסף בצורה בטוחה?,Ask Ralbad,he,safety_body,113,public,True,74,True,0,True,iw,False,True,6,eligible_for_content_review,caption_tracks=1; professional_source_signal
vq0KW68hJp8,https://www.youtube.com/watch?v=vq0KW68hJp8,"אופיר טרקטורונים , החלפת פנימית באופנוע שטח.MOV",CarsPlace.co.il,he,puncture,16,public,True,105,True,0,True,,False,False,1,rejected,too_short_for_release_depth; no_chapters_or_captions_for_content_evidence
EA1Q1evwcYY,https://www.youtube.com/watch?v=EA1Q1evwcYY,איך מעבירים הילוכים עם מגפי שטח,Cohen Adventure (‫צביקה כהן השטח‬‎),he,offroad_basics,140,public,True,240,True,0,True,,False,False,2,rejected,no_chapters_or_captions_for_content_evidence
-FUJIeErADk,https://www.youtube.com/watch?v=-FUJIeErADk,לקט היט אייר ניפוחים-הדגמת אפוד לרוכבי אופנוע עם כריות אוויר בעברית,HiTAiR-Nanotech Israel,he,protective_gear,51,public,True,472,True,0,True,,True,False,0,rejected,too_short_for_release_depth; no_chapters_or_captions_for_content_evidence
amNoaDkfwxg,https://www.youtube.com/watch?v=amNoaDkfwxg,מעצר רוכבי אופנועי שטח המנסים להימלט משוטרים,Israel Police - משטרת ישראל,he,hills,78,public,True,284,True,0,True,iw,False,False,4,eligible_for_content_review,caption_tracks=1
XlPFPsOa4Mg,https://www.youtube.com/watch?v=XlPFPsOa4Mg,איך לשרוד על הכביש עם אופנוע- היגוי נגדי,Maticycles,he,countersteering,277,public,True,0,True,0,True,,False,False,1,rejected,description_missing; no_chapters_or_captions_for_content_evidence
domdIpzNKbc,https://www.youtube.com/watch?v=domdIpzNKbc,משימה מספר 5 במגרש בטסט על אופנוע - או בשמה הנוסף 8! תראו טיפים לשמונה | נתיבים - בית ספר לנהיגה,Netivims,he,slow_control,79,public,True,1050,True,0,True,aa|ab|af|ak|am|ar|as|ay|az|ba|be|bg|bho|bn|bo|br|bs|ca|ceb|co|crs|cs|cy|da|de|dv|dz|ee|el|en|eo|es|et|eu|fa|fi|fil|fj|fo|fr|fy|ga|gaa|gd|gl|gn|gu|gv|ha|haw|hi|hmn|hr|ht|hu|hy|id|ig|is|it|iu|iw|iw-orig|ja|jv|ka|kha|kk|kl|km|kn|ko|kri|ku|ky|la|lb|lg|ln|lo|lt|lua|luo|lv|mfe|mg|mi|mk|ml|mn|mr|ms|mt|my|ne|new|nl|no|nso|ny|oc|om|or|os|pa|pam|pl|ps|pt|pt-PT|qu|rn|ro|ru|rw|sa|sd|sg|si|sk|sl|sm|sn|so|sq|sr|ss|st|su|sv|sw|ta|te|tg|th|ti|tk|tn|to|tr|ts|tt|tum|ug|uk|ur|uz|ve|vi|war|wo|xh|yi|yo|zh-Hans|zh-Hant|zu,True,True,5,eligible_for_content_review,caption_tracks=157; professional_source_signal; marketing_signal_present
cSy1Yy_fdQM,https://www.youtube.com/watch?v=cSy1Yy_fdQM,תמיר משה מספר כיצד המערכת של ריידויז'ן עוזרת לו לרכוב בטוח יותר,Ride Vision,he,night,66,public,True,77,True,0,True,,False,True,3,rejected,no_chapters_or_captions_for_content_evidence
QropDkHAQI4,https://www.youtube.com/watch?v=QropDkHAQI4,עייפות וקשיים טכניים - רכיבת אנדורו פארק קנדה NOPRO-13 Enduro riding Canada Park,Tal Mazar,he,fatigue,530,public,True,27,True,0,True,aa|ab|af|ak|am|ar|as|ay|az|ba|be|bg|bho|bn|bo|br|bs|ca|ceb|co|crs|cs|cy|da|de|dv|dz|ee|el|en|en-orig|eo|es|et|eu|fa|fi|fil|fj|fo|fr|fy|ga|gaa|gd|gl|gn|gu|gv|ha|haw|hi|hmn|hr|ht|hu|hy|id|ig|is|it|iu|iw|ja|jv|ka|kha|kk|kl|km|kn|ko|kri|ku|ky|la|lb|lg|ln|lo|lt|lua|luo|lv|mfe|mg|mi|mk|ml|mn|mr|ms|mt|my|ne|new|nl|no|nso|ny|oc|om|or|os|pa|pam|pl|ps|pt|pt-PT|qu|rn|ro|ru|rw|sa|sd|sg|si|sk|sl|sm|sn|so|sq|sr|ss|st|su|sv|sw|ta|te|tg|th|ti|tk|tn|to|tr|ts|tt|tum|ug|uk|ur|uz|ve|vi|war|wo|xh|yi|yo|zh-Hans|zh-Hant|zu,False,False,5,eligible_for_content_review,caption_tracks=157
hw3vNwd76n8,https://www.youtube.com/watch?v=hw3vNwd76n8,איך לשמור על בטיחות בנסיעה על אופנוע | 7 כללים של מקצוענים,The How To Channel,he,water_crossing,1303,public,True,1314,True,0,True,,False,True,5,rejected,no_chapters_or_captions_for_content_evidence
rFg33tIM5BY,https://www.youtube.com/watch?v=rFg33tIM5BY,בדיקות לפני רכיבה - גלגל אופניים,גלגל אופניים,he,pre_ride,147,public,True,172,True,0,True,,True,False,0,rejected,no_chapters_or_captions_for_content_evidence
3FW73-GfqkU,https://www.youtube.com/watch?v=3FW73-GfqkU,חילוץ 4X4 מחוף הים,יוסי מאיר,he,recovery,22,public,True,184,True,0,True,aa|ab|af|ak|am|ar|as|ay|az|ba|be|bg|bho|bn|bo|br|bs|ca|ceb|co|crs|cs|cy|da|de|dv|dz|ee|el|en|eo|es|et|eu|fa|fi|fil|fj|fo|fr|fy|ga|gaa|gd|gl|gn|gu|gv|ha|haw|hi|hmn|hr|ht|hu|hy|id|ig|is|it|iu|iw|iw-orig|ja|jv|ka|kha|kk|kl|km|kn|ko|kri|ku|ky|la|lb|lg|ln|lo|lt|lua|luo|lv|mfe|mg|mi|mk|ml|mn|mr|ms|mt|my|ne|new|nl|no|nso|ny|oc|om|or|os|pa|pam|pl|ps|pt|pt-PT|qu|rn|ro|ru|rw|sa|sd|sg|si|sk|sl|sm|sn|so|sq|sr|ss|st|su|sv|sw|ta|te|tg|th|ti|tk|tn|to|tr|ts|tt|tum|ug|uk|ur|uz|ve|vi|war|wo|xh|yi|yo|zh-Hans|zh-Hant|zu,False,False,4,rejected,too_short_for_release_depth
RXAvPjawlkY,https://www.youtube.com/watch?v=RXAvPjawlkY,טיז אזלמה-ראס מועכף-טבק אום קוניס-ראש טור -רכיבת אופנועים,משה טיולי שטח Moto Tours,he,navigation,204,public,True,93,True,0,True,aa|ab|af|ak|am|ar|as|ay|az|ba|be|bg|bho|bn|bo|br|bs|ca|ceb|co|crs|cs|cy|da|de|dv|dz|ee|el|en|en-orig|eo|es|et|eu|fa|fi|fil|fj|fo|fr|fy|ga|gaa|gd|gl|gn|gu|gv|ha|haw|hi|hmn|hr|ht|hu|hy|id|ig|is|it|iu|iw|ja|jv|ka|kha|kk|kl|km|kn|ko|kri|ku|ky|la|lb|lg|ln|lo|lt|lua|luo|lv|mfe|mg|mi|mk|ml|mn|mr|ms|mt|my|ne|new|nl|no|nso|ny|oc|om|or|os|pa|pam|pl|ps|pt|pt-PT|qu|rn|ro|ru|rw|sa|sd|sg|si|sk|sl|sm|sn|so|sq|sr|ss|st|su|sv|sw|ta|te|tg|th|ti|tk|tn|to|tr|ts|tt|tum|ug|uk|ur|uz|ve|vi|war|wo|xh|yi|yo|zh-Hans|zh-Hant|zu,False,False,5,eligible_for_content_review,caption_tracks=157
uf7L_H6I3lE,https://www.youtube.com/watch?v=uf7L_H6I3lE,מעבר המכוך - אופנועי שטח,משה טיולי שטח Moto Tours,he,mud,1076,public,True,139,True,0,True,,False,False,2,rejected,no_chapters_or_captions_for_content_evidence
xDIQPsq1kSk,https://www.youtube.com/watch?v=xDIQPsq1kSk,מסע אופנועי שטח דו יומי מבת שלמה לגולן והגליל,ADV Moto Life,he,lifting,1775,public,True,543,True,8,True,,False,False,5,rejected,title_indicates_non_instructional_or_promotional_content
FXZLg82hwnU,https://www.youtube.com/watch?v=FXZLg82hwnU,מה עושים אם מגיעים לפנייה או סיבוב ומגלים שהגענו מהר מדי? כל התשובות בסרטון.,משה פרחי - רכיבה מתקדמת,he,advanced_training,148,public,True,370,True,0,True,,False,True,4,rejected,no_chapters_or_captions_for_content_evidence
_0ajYJOe-LQ,https://www.youtube.com/watch?v=_0ajYJOe-LQ,קורס רכיבה לאופנועים וקטנועים במגרש סגור וסטרילי - PRO1,ProRiding Israel,he,school_seed,250,public,True,364,True,0,True,,False,True,4,rejected,no_chapters_or_captions_for_content_evidence
NJtlZvGq7m8,https://www.youtube.com/watch?v=NJtlZvGq7m8,אדוונצ'ר נגד המוחרקה,Wild Adventures - Itay Dor,he,gravel,2206,public,True,699,True,0,True,aa|ab|af|ak|am|ar|as|ay|az|ba|be|bg|bho|bn|bo|br|bs|ca|ceb|co|crs|cs|cy|da|de|dv|dz|ee|el|en|eo|es|et|eu|fa|fi|fil|fj|fo|fr|fy|ga|gaa|gd|gl|gn|gu|gv|ha|haw|hi|hmn|hr|ht|hu|hy|id|ig|is|it|iu|iw|iw-orig|ja|jv|ka|kha|kk|kl|km|kn|ko|kri|ku|ky|la|lb|lg|ln|lo|lt|lua|luo|lv|mfe|mg|mi|mk|ml|mn|mr|ms|mt|my|ne|new|nl|no|nso|ny|oc|om|or|os|pa|pam|pl|ps|pt|pt-PT|qu|rn|ro|ru|rw|sa|sd|sg|si|sk|sl|sm|sn|so|sq|sr|ss|st|su|sv|sw|ta|te|tg|th|ti|tk|tn|to|tr|ts|tt|tum|ug|uk|ur|uz|ve|vi|war|wo|xh|yi|yo|zh-Hans|zh-Hant|zu,False,False,5,eligible_for_content_review,caption_tracks=157
4g26zZNA7Tg,https://www.youtube.com/watch?v=4g26zZNA7Tg,פול טארס בישראל: הדרכת מתקדמים,ADV Moto Life,he,channel_seed,1452,public,True,191,True,0,True,aa|ab|af|ak|am|ar|as|ay|az|ba|be|bg|bho|bn|bo|br|bs|ca|ceb|co|crs|cs|cy|da|de|dv|dz|ee|el|en|eo|es|et|eu|fa|fi|fil|fj|fo|fr|fy|ga|gaa|gd|gl|gn|gu|gv|ha|haw|hi|hmn|hr|ht|hu|hy|id|ig|is|it|iu|iw|iw-orig|ja|jv|ka|kha|kk|kl|km|kn|ko|kri|ku|ky|la|lb|lg|ln|lo|lt|lua|luo|lv|mfe|mg|mi|mk|ml|mn|mr|ms|mt|my|ne|new|nl|no|nso|ny|oc|om|or|os|pa|pam|pl|ps|pt|pt-PT|qu|rn|ro|ru|rw|sa|sd|sg|si|sk|sl|sm|sn|so|sq|sr|ss|st|su|sv|sw|ta|te|tg|th|ti|tk|tn|to|tr|ts|tt|tum|ug|uk|ur|uz|ve|vi|war|wo|xh|yi|yo|zh-Hans|zh-Hant|zu,False,True,7,eligible_for_content_review,caption_tracks=157; professional_source_signal
ChjYX_SAhx8,https://www.youtube.com/watch?v=ChjYX_SAhx8,הדרכת  רכיבת שטח - אנדורו עם אלוף הארץ סוף סלע בחסות KTM,"Doron Aviad: Enduro, MMA, Ski",he,water_crossing,809,public,True,1473,True,0,True,live_chat,True,True,6,eligible_for_content_review,caption_tracks=1; professional_source_signal; marketing_signal_present
yc647KP8XFE,https://www.youtube.com/watch?v=yc647KP8XFE,איך לשטוף אופנוע שטח,EFM Sports,he,mud,487,public,True,260,True,0,True,,False,False,2,rejected,no_chapters_or_captions_for_content_evidence
f-8RzryKY8Y,https://www.youtube.com/watch?v=f-8RzryKY8Y,איך לשרוד על הכביש עם אופנוע- בלמים,Maticycles,he,urban_hazards,616,public,True,0,True,0,True,,False,False,1,rejected,description_missing; no_chapters_or_captions_for_content_evidence
VOGyP6IYwhU,https://www.youtube.com/watch?v=VOGyP6IYwhU,בדיקת אופנוע לפני קנייה .,Moto Lamed,he,pre_ride,649,public,True,354,True,0,True,aa|ab|af|ak|am|ar|as|ay|az|ba|be|bg|bho|bn|bo|br|bs|ca|ceb|co|crs|cs|cy|da|de|dv|dz|ee|el|en|eo|es|et|eu|fa|fi|fil|fj|fo|fr|fy|ga|gaa|gd|gl|gn|gu|gv|ha|haw|hi|hmn|hr|ht|hu|hy|id|ig|is|it|iu|iw|iw-orig|ja|jv|ka|kha|kk|kl|km|kn|ko|kri|ku|ky|la|lb|lg|ln|lo|lt|lua|luo|lv|mfe|mg|mi|mk|ml|mn|mr|ms|mt|my|ne|new|nl|no|nso|ny|oc|om|or|os|pa|pam|pl|ps|pt|pt-PT|qu|rn|ro|ru|rw|sa|sd|sg|si|sk|sl|sm|sn|so|sq|sr|ss|st|su|sv|sw|ta|te|tg|th|ti|tk|tn|to|tr|ts|tt|tum|ug|uk|ur|uz|ve|vi|war|wo|xh|yi|yo|zh-Hans|zh-Hant|zu,False,False,5,eligible_for_content_review,caption_tracks=157
4bcvJGEQuOQ,https://www.youtube.com/watch?v=4bcvJGEQuOQ,אלפינסטארס טק אייר בישראל - נציג החברה בראיון במוטו דוגרי,Moto Magazine,he,tires,370,public,True,124,True,0,True,aa|ab|af|ak|am|ar|as|ay|az|ba|be|bg|bho|bn|bo|br|bs|ca|ceb|co|crs|cs|cy|da|de|dv|dz|ee|el|en|en-orig|eo|es|et|eu|fa|fi|fil|fj|fo|fr|fy|ga|gaa|gd|gl|gn|gu|gv|ha|haw|hi|hmn|hr|ht|hu|hy|id|ig|is|it|iu|iw|ja|jv|ka|kha|kk|kl|km|kn|ko|kri|ku|ky|la|lb|lg|ln|lo|lt|lua|luo|lv|mfe|mg|mi|mk|ml|mn|mr|ms|mt|my|ne|new|nl|no|nso|ny|oc|om|or|os|pa|pam|pl|ps|pt|pt-PT|qu|rn|ro|ru|rw|sa|sd|sg|si|sk|sl|sm|sn|so|sq|sr|ss|st|su|sv|sw|ta|te|tg|th|ti|tk|tn|to|tr|ts|tt|tum|ug|uk|ur|uz|ve|vi|war|wo|xh|yi|yo|zh-Hans|zh-Hant|zu,False,False,5,eligible_for_content_review,caption_tracks=157
MSLfEnMJLrY,https://www.youtube.com/watch?v=MSLfEnMJLrY,הדרכת מעבר מכשולים של קובי חמד  Enduro Training Kobi Hemed,Nati Hadad Professional Photography,he,obstacles,1097,public,True,44,True,0,True,,False,True,4,rejected,no_chapters_or_captions_for_content_evidence
ujNXxOrsMrI,https://www.youtube.com/watch?v=ujNXxOrsMrI,תאונת אופנוע וטרקטורון Motorcycle And ATV Accident 12/8/16,avior,he,recovery,15,public,True,50,True,0,True,,False,False,1,rejected,too_short_for_release_depth; no_chapters_or_captions_for_content_evidence
MUS50DTNBgI,https://www.youtube.com/watch?v=MUS50DTNBgI,היגוי הפוך,dark zedd,he,countersteering,619,public,True,32,True,0,True,,False,False,2,rejected,no_chapters_or_captions_for_content_evidence
Y9D-PPxI-jo,https://www.youtube.com/watch?v=Y9D-PPxI-jo,מבחן בטיחות וסקירה למיגון מתנפח אפוד מתנפח ותיק גב מתנפח של חברת MOTOAIRBAG האיטלקית,freesbe מטרו,he,protective_gear,178,public,True,0,True,0,True,,False,False,1,rejected,description_missing; no_chapters_or_captions_for_content_evidence; title_indicates_non_instructional_or_promotional_content
_jfkeh4b2ks,https://www.youtube.com/watch?v=_jfkeh4b2ks,שרשרת לאופנוע - טיפים והמלצות לשימון וכיוון שרשרת,אתר מידרג,he,maintenance,133,public,True,293,True,0,True,iw,False,False,5,eligible_for_content_review,caption_tracks=1
Nix5yh2r-04,https://www.youtube.com/watch?v=Nix5yh2r-04,מדריך בייקס - כיצד להחליף פנימית,בייקס - byx.co.il,he,puncture,218,public,True,243,True,0,True,aa|ab|af|ak|am|ar|as|ay|az|ba|be|bg|bho|bn|bo|br|bs|ca|ceb|co|crs|cs|cy|da|de|dv|dz|ee|el|en|eo|es|et|eu|fa|fi|fil|fj|fo|fr|fy|ga|gaa|gd|gl|gn|gu|gv|ha|haw|hi|hmn|hr|ht|hu|hy|id|ig|is|it|iu|iw|iw-orig|ja|jv|ka|kha|kk|kl|km|kn|ko|kri|ku|ky|la|lb|lg|ln|lo|lt|lua|luo|lv|mfe|mg|mi|mk|ml|mn|mr|ms|mt|my|ne|new|nl|no|nso|ny|oc|om|or|os|pa|pam|pl|ps|pt|pt-PT|qu|rn|ro|ru|rw|sa|sd|sg|si|sk|sl|sm|sn|so|sq|sr|ss|st|su|sv|sw|ta|te|tg|th|ti|tk|tn|to|tr|ts|tt|tum|ug|uk|ur|uz|ve|vi|war|wo|xh|yi|yo|zh-Hans|zh-Hant|zu,False,True,7,eligible_for_content_review,caption_tracks=157; professional_source_signal
tG3Z2jqkjcU,https://www.youtube.com/watch?v=tG3Z2jqkjcU,מה זה מבחן שליטה לאופנוע? | בית ספר לנהיגה נתיבים,בית ספר לנהיגה נתיבים,he,slow_control,14,public,True,0,True,0,True,,False,True,2,rejected,too_short_for_release_depth; description_missing; no_chapters_or_captions_for_content_evidence; title_indicates_non_instructional_or_promotional_content
g8LTT8UBvmE,https://www.youtube.com/watch?v=g8LTT8UBvmE,איך מנפיקים לוחית רישוי לקורקינט חשמלי ואופניים חשמליים? | רישום והתקנת לוחית זיהוי על כלי חשמלי,הרשות הלאומית לבטיחות בדרכים,he,safety_body,57,public,True,948,True,0,True,aa|ab|af|ak|am|ar|as|ay|az|ba|be|bg|bho|bn|bo|br|bs|ca|ceb|co|crs|cs|cy|da|de|dv|dz|ee|el|en|eo|es|et|eu|fa|fi|fil|fj|fo|fr|fy|ga|gaa|gd|gl|gn|gu|gv|ha|haw|hi|hmn|hr|ht|hu|hy|id|ig|is|it|iu|iw|iw-orig|ja|jv|ka|kha|kk|kl|km|kn|ko|kri|ku|ky|la|lb|lg|ln|lo|lt|lua|luo|lv|mfe|mg|mi|mk|ml|mn|mr|ms|mt|my|ne|new|nl|no|nso|ny|oc|om|or|os|pa|pam|pl|ps|pt|pt-PT|qu|rn|ro|ru|rw|sa|sd|sg|si|sk|sl|sm|sn|so|sq|sr|ss|st|su|sv|sw|ta|te|tg|th|ti|tk|tn|to|tr|ts|tt|tum|ug|uk|ur|uz|ve|vi|war|wo|xh|yi|yo|zh-Hans|zh-Hant|zu,False,True,7,rejected,too_short_for_release_depth
7OQxC1D0cdY,https://www.youtube.com/watch?v=7OQxC1D0cdY,טיפים לפני טסט אופנוע - כרמל תחבורה,כרמל תחבורה 2005 בע״מ,he,cornering,842,public,True,1383,True,0,True,,True,False,1,rejected,no_chapters_or_captions_for_content_evidence; title_indicates_non_instructional_or_promotional_content
DSbsGr1txnU,https://www.youtube.com/watch?v=DSbsGr1txnU,מתחילים במדבר- רכיבה למתחילים #7,משה טיולי שטח Moto Tours,he,navigation,174,public,True,250,True,0,True,aa|ab|af|ak|am|ar|as|ay|az|ba|be|bg|bho|bn|bo|br|bs|ca|ceb|co|crs|cs|cy|da|de|dv|dz|ee|el|en|en-orig|eo|es|et|eu|fa|fi|fil|fj|fo|fr|fy|ga|gaa|gd|gl|gn|gu|gv|ha|haw|hi|hmn|hr|ht|hu|hy|id|ig|is|it|iu|iw|ja|jv|ka|kha|kk|kl|km|kn|ko|kri|ku|ky|la|lb|lg|ln|lo|lt|lua|luo|lv|mfe|mg|mi|mk|ml|mn|mr|ms|mt|my|ne|new|nl|no|nso|ny|oc|om|or|os|pa|pam|pl|ps|pt|pt-PT|qu|rn|ro|ru|rw|sa|sd|sg|si|sk|sl|sm|sn|so|sq|sr|ss|st|su|sv|sw|ta|te|tg|th|ti|tk|tn|to|tr|ts|tt|tum|ug|uk|ur|uz|ve|vi|war|wo|xh|yi|yo|zh-Hans|zh-Hant|zu,False,False,5,eligible_for_content_review,caption_tracks=157
gasnoxJav_U,https://www.youtube.com/watch?v=gasnoxJav_U,משה פרחי ממליץ: רכיבה בתקופת הסתיו והחורף,משה פרחי - רכיבה מתקדמת,he,rain,74,public,True,200,True,0,True,,False,True,3,rejected,no_chapters_or_captions_for_content_evidence
0gCrcRz7dd0,https://www.youtube.com/watch?v=0gCrcRz7dd0,ביטוח לאופנועים ולרוכבים - כפיר לוין מפרוריידינג מסביר,ProRiding Israel,he,group_riding,216,public,True,286,True,0,True,,False,True,4,rejected,no_chapters_or_captions_for_content_evidence
aQE9gcT-g1k,https://www.youtube.com/watch?v=aQE9gcT-g1k,עליית מדרגה ברכיבה,Cohen Adventure (‫צביקה כהן השטח‬‎),he,obstacles,130,public,True,117,True,0,True,,False,False,2,rejected,no_chapters_or_captions_for_content_evidence
GnnNDtSXvlM,https://www.youtube.com/watch?v=GnnNDtSXvlM,הדרכת אופנועים חשמליים עם טים קולמן,ADV Moto Life,he,channel_seed,1247,public,True,422,True,0,True,aa|ab|af|ak|am|ar|as|ay|az|ba|be|bg|bho|bn|bo|br|bs|ca|ceb|co|crs|cs|cy|da|de|dv|dz|ee|el|en|eo|es|et|eu|fa|fi|fil|fj|fo|fr|fy|ga|gaa|gd|gl|gn|gu|gv|ha|haw|hi|hmn|hr|ht|hu|hy|id|ig|is|it|iu|iw|iw-orig|ja|jv|ka|kha|kk|kl|km|kn|ko|kri|ku|ky|la|lb|lg|ln|lo|lt|lua|luo|lv|mfe|mg|mi|mk|ml|mn|mr|ms|mt|my|ne|new|nl|no|nso|ny|oc|om|or|os|pa|pam|pl|ps|pt|pt-PT|qu|rn|ro|ru|rw|sa|sd|sg|si|sk|sl|sm|sn|so|sq|sr|ss|st|su|sv|sw|ta|te|tg|th|ti|tk|tn|to|tr|ts|tt|tum|ug|uk|ur|uz|ve|vi|war|wo|xh|yi|yo|zh-Hans|zh-Hant|zu,False,True,8,eligible_for_content_review,caption_tracks=157; professional_source_signal
Qx6G0gkQ048,https://www.youtube.com/watch?v=Qx6G0gkQ048,ASK Ralbad | איך רוכבים בגשם ועל כביש רטוב?,Ask Ralbad,he,rain,121,public,True,74,True,0,True,iw,False,True,7,eligible_for_content_review,caption_tracks=1; professional_source_signal
W4n81NgcRDg,https://www.youtube.com/watch?v=W4n81NgcRDg,ASK Ralbad | איך לבצע היגוי נגדי באופנוע?,Ask Ralbad,he,countersteering,43,public,True,74,True,0,True,iw,False,True,6,rejected,too_short_for_release_depth
gbhwSkmGLPA,https://www.youtube.com/watch?v=gbhwSkmGLPA,2 רוכבים מתחילים נגד הר הזבל 😅 | אימון שטח למתחילים,Ben S. (bflance),he,offroad_basics,4561,public,True,554,True,0,True,aa|ab|af|ak|am|ar|as|ay|az|ba|be|bg|bho|bn|bo|br|bs|ca|ceb|co|crs|cs|cy|da|de|dv|dz|ee|el|en|eo|es|et|eu|fa|fi|fil|fj|fo|fr|fy|ga|gaa|gd|gl|gn|gu|gv|ha|haw|hi|hmn|hr|ht|hu|hy|id|ig|is|it|iu|iw|iw-orig|ja|jv|ka|kha|kk|kl|km|kn|ko|kri|ku|ky|la|lb|lg|ln|lo|lt|lua|luo|lv|mfe|mg|mi|mk|ml|mn|mr|ms|mt|my|ne|new|nl|no|nso|ny|oc|om|or|os|pa|pam|pl|ps|pt|pt-PT|qu|rn|ro|ru|rw|sa|sd|sg|si|sk|sl|sm|sn|so|sq|sr|ss|st|su|sv|sw|ta|te|tg|th|ti|tk|tn|to|tr|ts|tt|tum|ug|uk|ur|uz|ve|vi|war|wo|xh|yi|yo|zh-Hans|zh-Hant|zu,False,True,7,eligible_for_content_review,caption_tracks=157; professional_source_signal
0sfdui8MXUA,https://www.youtube.com/watch?v=0sfdui8MXUA,רכיבה ראשונה על אופנועי האנדורו של גאס גאס,FullgaZ Magazine,he,water_crossing,265,public,True,438,True,0,True,,False,False,3,rejected,no_chapters_or_captions_for_content_evidence; title_indicates_non_instructional_or_promotional_content
nCfu6Iq4BmU,https://www.youtube.com/watch?v=nCfu6Iq4BmU,"לרדת את מעלה יבנאל עם אופנוע, סוכות 2022",Ilan Levi,he,gravel,254,public,True,0,True,0,True,,False,False,1,rejected,description_missing; no_chapters_or_captions_for_content_evidence
zj_89qfRSkw,https://www.youtube.com/watch?v=zj_89qfRSkw,! רכיבה מתקדמת! כל מה שרציתם לדעת על קורס רכיבה מתקדמת,Moto Lamed,he,advanced_training,820,public,True,131,True,0,True,,False,False,2,rejected,no_chapters_or_captions_for_content_evidence
5d96LXhQPxA,https://www.youtube.com/watch?v=5d96LXhQPxA,נושא הדרכות הרכיבה לאופנועים בכתבה של ערד ניר בערוץ 12,ProRiding Israel,he,safety_body,147,public,True,602,True,0,True,aa|ab|af|ak|am|ar|as|ay|az|ba|be|bg|bho|bn|bo|br|bs|ca|ceb|co|crs|cs|cy|da|de|dv|dz|ee|el|en|eo|es|et|eu|fa|fi|fil|fj|fo|fr|fy|ga|gaa|gd|gl|gn|gu|gv|ha|haw|hi|hmn|hr|ht|hu|hy|id|ig|is|it|iu|iw|iw-orig|ja|jv|ka|kha|kk|kl|km|kn|ko|kri|ku|ky|la|lb|lg|ln|lo|lt|lua|luo|lv|mfe|mg|mi|mk|ml|mn|mr|ms|mt|my|ne|new|nl|no|nso|ny|oc|om|or|os|pa|pam|pl|ps|pt|pt-PT|qu|rn|ro|ru|rw|sa|sd|sg|si|sk|sl|sm|sn|so|sq|sr|ss|st|su|sv|sw|ta|te|tg|th|ti|tk|tn|to|tr|ts|tt|tum|ug|uk|ur|uz|ve|vi|war|wo|xh|yi|yo|zh-Hans|zh-Hant|zu,False,True,8,eligible_for_content_review,caption_tracks=157; professional_source_signal
gNlX7HTbKlk,https://www.youtube.com/watch?v=gNlX7HTbKlk,פרוריידינג - הדרכות רכיבה לכולם!,ProRiding Israel,he,school_seed,53,public,True,167,True,0,True,aa|ab|af|ak|am|ar|as|ay|az|ba|be|bg|bho|bn|bo|br|bs|ca|ceb|co|crs|cs|cy|da|de|dv|dz|ee|el|en|en-orig|eo|es|et|eu|fa|fi|fil|fj|fo|fr|fy|ga|gaa|gd|gl|gn|gu|gv|ha|haw|hi|hmn|hr|ht|hu|hy|id|ig|is|it|iu|iw|ja|jv|ka|kha|kk|kl|km|kn|ko|kri|ku|ky|la|lb|lg|ln|lo|lt|lua|luo|lv|mfe|mg|mi|mk|ml|mn|mr|ms|mt|my|ne|new|nl|no|nso|ny|oc|om|or|os|pa|pam|pl|ps|pt|pt-PT|qu|rn|ro|ru|rw|sa|sd|sg|si|sk|sl|sm|sn|so|sq|sr|ss|st|su|sv|sw|ta|te|tg|th|ti|tk|tn|to|tr|ts|tt|tum|ug|uk|ur|uz|ve|vi|war|wo|xh|yi|yo|zh-Hans|zh-Hant|zu,False,True,6,rejected,too_short_for_release_depth
3rNBxtj8AkE,https://www.youtube.com/watch?v=3rNBxtj8AkE,SM26 - מיגון שווה לתחת!,SM26,he,protective_gear,799,public,True,1236,True,0,True,,False,False,3,rejected,no_chapters_or_captions_for_content_evidence
4D4VppOghj4,https://www.youtube.com/watch?v=4D4VppOghj4,היחידי שיודע.....,Shimron Shimron,he,lifting,62,public,True,38,True,0,True,aa|ab|af|ak|am|ar|ar-orig|as|ay|az|ba|be|bg|bho|bn|bo|br|bs|ca|ceb|co|crs|cs|cy|da|de|dv|dz|ee|el|en|eo|es|et|eu|fa|fi|fil|fj|fo|fr|fy|ga|gaa|gd|gl|gn|gu|gv|ha|haw|hi|hmn|hr|ht|hu|hy|id|ig|is|it|iu|iw|ja|jv|ka|kha|kk|kl|km|kn|ko|kri|ku|ky|la|lb|lg|ln|lo|lt|lua|luo|lv|mfe|mg|mi|mk|ml|mn|mr|ms|mt|my|ne|new|nl|no|nso|ny|oc|om|or|os|pa|pam|pl|ps|pt|pt-PT|qu|rn|ro|ru|rw|sa|sd|sg|si|sk|sl|sm|sn|so|sq|sr|ss|st|su|sv|sw|ta|te|tg|th|ti|tk|tn|to|tr|ts|tt|tum|ug|uk|ur|uz|ve|vi|war|wo|xh|yi|yo|zh-Hans|zh-Hant|zu,False,False,4,eligible_for_content_review,caption_tracks=157
-va4-vGZW_I,https://www.youtube.com/watch?v=-va4-vGZW_I,א.ש חילוץ אופנועים  058-4420044 052-2645155,Udi Levy,he,recovery,128,public,True,308,True,0,True,aa|ab|af|ak|am|ar|as|ay|az|ba|be|bg|bho|bn|bo|br|bs|ca|ceb|co|crs|cs|cy|da|de|dv|dz|ee|el|en|eo|es|et|eu|fa|fi|fil|fj|fo|fr|fy|ga|gaa|gd|gl|gn|gu|gv|ha|haw|hi|hmn|hr|ht|hu|hy|id|id-orig|ig|is|it|iu|iw|ja|jv|ka|kha|kk|kl|km|kn|ko|kri|ku|ky|la|lb|lg|ln|lo|lt|lua|luo|lv|mfe|mg|mi|mk|ml|mn|mr|ms|mt|my|ne|new|nl|no|nso|ny|oc|om|or|os|pa|pam|pl|ps|pt|pt-PT|qu|rn|ro|ru|rw|sa|sd|sg|si|sk|sl|sm|sn|so|sq|sr|ss|st|su|sv|sw|ta|te|tg|th|ti|tk|tn|to|tr|ts|tt|tum|ug|uk|ur|uz|ve|vi|war|wo|xh|yi|yo|zh-Hans|zh-Hant|zu,False,False,5,eligible_for_content_review,caption_tracks=157
VEXqJUg5JCA,https://www.youtube.com/watch?v=VEXqJUg5JCA,שימון שרשרת באופנוע עם ג'ק צד בלבד,mailsgolan,he,maintenance,149,public,True,51,True,0,True,aa|ab|af|ak|am|ar|as|ay|az|ba|be|bg|bho|bn|bo|br|bs|ca|ceb|co|crs|cs|cy|da|de|dv|dz|ee|el|en|eo|es|et|eu|fa|fi|fil|fj|fo|fr|fy|ga|gaa|gd|gl|gn|gu|gv|ha|haw|hi|hmn|hr|ht|hu|hy|id|ig|is|it|iu|iw|ja|jv|ka|kha|kk|kl|km|kn|ko|kri|ku|ky|la|lb|lg|ln|lo|lt|lua|luo|lv|mfe|mg|mi|mk|ml|mn|mr|ms|mt|my|ne|new|nl|nl-orig|no|nso|ny|oc|om|or|os|pa|pam|pl|ps|pt|pt-PT|qu|rn|ro|ru|rw|sa|sd|sg|si|sk|sl|sm|sn|so|sq|sr|ss|st|su|sv|sw|ta|te|tg|th|ti|tk|tn|to|tr|ts|tt|tum|ug|uk|ur|uz|ve|vi|war|wo|xh|yi|yo|zh-Hans|zh-Hant|zu,False,False,5,eligible_for_content_review,caption_tracks=157
oBLdnYmRB_I,https://www.youtube.com/watch?v=oBLdnYmRB_I,ניב אופנועים - טיפים אודות הווריאטור,nivmoto,he,pre_ride,126,public,True,98,True,0,True,aa|ab|af|ak|am|ar|as|ay|az|ba|be|bg|bho|bn|bo|br|bs|ca|ceb|co|crs|cs|cy|da|de|dv|dz|ee|el|en|eo|es|et|eu|fa|fi|fil|fj|fo|fr|fy|ga|gaa|gd|gl|gn|gu|gv|ha|haw|hi|hmn|hr|ht|hu|hy|id|ig|is|it|iu|iw|iw-orig|ja|jv|ka|kha|kk|kl|km|kn|ko|kri|ku|ky|la|lb|lg|ln|lo|lt|lua|luo|lv|mfe|mg|mi|mk|ml|mn|mr|ms|mt|my|ne|new|nl|no|nso|ny|oc|om|or|os|pa|pam|pl|ps|pt|pt-PT|qu|rn|ro|ru|rw|sa|sd|sg|si|sk|sl|sm|sn|so|sq|sr|ss|st|su|sv|sw|ta|te|tg|th|ti|tk|tn|to|tr|ts|tt|tum|ug|uk|ur|uz|ve|vi|war|wo|xh|yi|yo|zh-Hans|zh-Hant|zu,False,False,5,eligible_for_content_review,caption_tracks=157
PbTz44_i8YE,https://www.youtube.com/watch?v=PbTz44_i8YE,פנצ'ר באופנוע - איך מתקנים פנצ'ר באופנוע וכמה זה עולה?,אתר מידרג,he,puncture,146,public,True,430,True,0,True,iw,False,False,6,eligible_for_content_review,caption_tracks=1
PMeQb643xoI,https://www.youtube.com/watch?v=PMeQb643xoI,אנדורו ביערות הכרמל - אופנועי שטח בבוץ,טל סנדרוני,he,mud,3600,public,True,69,True,0,True,,False,False,1,rejected,no_chapters_or_captions_for_content_evidence
IzNT9otV2IA,https://www.youtube.com/watch?v=IzNT9otV2IA,דרך עירונית מכונית סוטה לנתיב שלך ואופנוע מזגזג,לילך תיאוריה,he,urban_hazards,29,public,True,0,True,0,True,,False,False,0,rejected,too_short_for_release_depth; description_missing; no_chapters_or_captions_for_content_evidence
dBdoSMm5N5s,https://www.youtube.com/watch?v=dBdoSMm5N5s,"פוקס אנדורו - הדרכות רכיבה, עמידה והעברת משקל נכונה  - אריאל דדיה.",פוקס אנדורו - fox enduro,he,sand,705,public,True,95,True,0,True,aa|ab|af|ak|am|ar|as|ay|az|ba|be|bg|bho|bn|bo|br|bs|ca|ceb|co|crs|cs|cy|da|de|dv|dz|ee|el|en|eo|es|et|eu|fa|fi|fil|fj|fo|fr|fy|ga|gaa|gd|gl|gn|gu|gv|ha|haw|hi|hmn|hr|ht|hu|hy|id|ig|is|it|iu|iw|iw-orig|ja|jv|ka|kha|kk|kl|km|kn|ko|kri|ku|ky|la|lb|lg|ln|lo|lt|lua|luo|lv|mfe|mg|mi|mk|ml|mn|mr|ms|mt|my|ne|new|nl|no|nso|ny|oc|om|or|os|pa|pam|pl|ps|pt|pt-PT|qu|rn|ro|ru|rw|sa|sd|sg|si|sk|sl|sm|sn|so|sq|sr|ss|st|su|sv|sw|ta|te|tg|th|ti|tk|tn|to|tr|ts|tt|tum|ug|uk|ur|uz|ve|vi|war|wo|xh|yi|yo|zh-Hans|zh-Hant|zu,False,False,5,eligible_for_content_review,caption_tracks=157
kYZQaPo2R7Q,https://www.youtube.com/watch?v=kYZQaPo2R7Q,קורסים לרכיבה מתקדמת על אופנועים,הרשות הלאומית לבטיחות בדרכים,he,group_riding,229,public,True,226,True,0,True,aa|ab|af|ak|am|ar|as|ay|az|ba|be|bg|bho|bn|bo|br|bs|ca|ceb|co|crs|cs|cy|da|de|dv|dz|ee|el|en|eo|es|et|eu|fa|fi|fil|fj|fo|fr|fy|ga|gaa|gd|gl|gn|gu|gv|ha|haw|hi|hmn|hr|ht|hu|hy|id|ig|is|it|iu|iw|iw-orig|ja|jv|ka|kha|kk|kl|km|kn|ko|kri|ku|ky|la|lb|lg|ln|lo|lt|lua|luo|lv|mfe|mg|mi|mk|ml|mn|mr|ms|mt|my|ne|new|nl|no|nso|ny|oc|om|or|os|pa|pam|pl|ps|pt|pt-PT|qu|rn|ro|ru|rw|sa|sd|sg|si|sk|sl|sm|sn|so|sq|sr|ss|st|su|sv|sw|ta|te|tg|th|ti|tk|tn|to|tr|ts|tt|tum|ug|uk|ur|uz|ve|vi|war|wo|xh|yi|yo|zh-Hans|zh-Hant|zu,False,True,7,eligible_for_content_review,caption_tracks=157; professional_source_signal
PRJsYOQzjkc,https://www.youtube.com/watch?v=PRJsYOQzjkc,מערב לתוך הלילה: רכיבת אדוונצ'ר לילית בהרי ירושלים,Ben S. (bflance),he,night,6567,public,True,50,True,0,True,aa|ab|af|ak|am|ar|as|ay|az|ba|be|bg|bho|bn|bo|br|bs|ca|ceb|co|crs|cs|cy|da|de|dv|dz|ee|el|en|eo|es|et|eu|fa|fi|fil|fj|fo|fr|fy|ga|gaa|gd|gl|gn|gu|gv|ha|haw|hi|hmn|hr|ht|hu|hy|id|ig|is|it|iu|iw|iw-orig|ja|jv|ka|kha|kk|kl|km|kn|ko|kri|ku|ky|la|lb|lg|ln|lo|lt|lua|luo|lv|mfe|mg|mi|mk|ml|mn|mr|ms|mt|my|ne|new|nl|no|nso|ny|oc|om|or|os|pa|pam|pl|ps|pt|pt-PT|qu|rn|ro|ru|rw|sa|sd|sg|si|sk|sl|sm|sn|so|sq|sr|ss|st|su|sv|sw|ta|te|tg|th|ti|tk|tn|to|tr|ts|tt|tum|ug|uk|ur|uz|ve|vi|war|wo|xh|yi|yo|zh-Hans|zh-Hant|zu,False,False,4,rejected,too_long_for_focused_guide_entry
gwmUFFHxXyo,https://www.youtube.com/watch?v=gwmUFFHxXyo,רכיבת שטח לא למתחילים!!! אבל אני רוכב מתחיל - אל תנסו את זה בבית. היה קשוח!,Ben S. (bflance),he,offroad_basics,3982,public,True,113,True,2,True,aa|ab|af|ak|am|ar|as|ay|az|ba|be|bg|bho|bn|bo|br|bs|ca|ceb|co|crs|cs|cy|da|de|dv|dz|ee|el|en|eo|es|et|eu|fa|fi|fil|fj|fo|fr|fy|ga|gaa|gd|gl|gn|gu|gv|ha|haw|hi|hmn|hr|ht|hu|hy|id|ig|is|it|iu|iw|iw-orig|ja|jv|ka|kha|kk|kl|km|kn|ko|kri|ku|ky|la|lb|lg|ln|lo|lt|lua|luo|lv|mfe|mg|mi|mk|ml|mn|mr|ms|mt|my|ne|new|nl|no|nso|ny|oc|om|or|os|pa|pam|pl|ps|pt|pt-PT|qu|rn|ro|ru|rw|sa|sd|sg|si|sk|sl|sm|sn|so|sq|sr|ss|st|su|sv|sw|ta|te|tg|th|ti|tk|tn|to|tr|ts|tt|tum|ug|uk|ur|uz|ve|vi|war|wo|xh|yi|yo|zh-Hans|zh-Hant|zu,False,False,6,eligible_for_content_review,youtube_chapters=2; caption_tracks=157
nhoA99EcMEM,https://www.youtube.com/watch?v=nhoA99EcMEM,החלפת פנימית 3,David Beloosesky,he,puncture,55,public,True,0,True,0,True,aa|ab|af|ak|am|ar|as|ay|az|ba|be|bg|bho|bn|bo|br|bs|ca|ceb|co|crs|cs|cy|da|de|dv|dz|ee|el|en|eo|es|et|eu|fa|fi|fil|fj|fo|fr|fy|ga|gaa|gd|gl|gn|gu|gv|ha|haw|hi|hmn|hr|ht|hu|hy|id|ig|is|it|iu|iw|iw-orig|ja|jv|ka|kha|kk|kl|km|kn|ko|kri|ku|ky|la|lb|lg|ln|lo|lt|lua|luo|lv|mfe|mg|mi|mk|ml|mn|mr|ms|mt|my|ne|new|nl|no|nso|ny|oc|om|or|os|pa|pam|pl|ps|pt|pt-PT|qu|rn|ro|ru|rw|sa|sd|sg|si|sk|sl|sm|sn|so|sq|sr|ss|st|su|sv|sw|ta|te|tg|th|ti|tk|tn|to|tr|ts|tt|tum|ug|uk|ur|uz|ve|vi|war|wo|xh|yi|yo|zh-Hans|zh-Hant|zu,False,False,3,rejected,too_short_for_release_depth; description_missing
PYeiGbg6_bU,https://www.youtube.com/watch?v=PYeiGbg6_bU,מדריך טכני: החלפת צמיג ומוס באופנוע שטח,FullgaZ Magazine,he,tires,449,public,True,177,True,0,True,,False,True,4,rejected,no_chapters_or_captions_for_content_evidence
grPjYTqfBKY,https://www.youtube.com/watch?v=grPjYTqfBKY,מסע אופנועים לפסגות ההימלאיה,FullgaZ Magazine,he,water_crossing,1615,public,True,5,True,0,True,aa|ab|af|ak|am|ar|as|ay|az|ba|be|bg|bho|bn|bo|br|bs|ca|ceb|co|crs|cs|cy|da|de|dv|dz|ee|el|en|eo|es|et|eu|fa|fi|fil|fj|fo|fr|fy|ga|gaa|gd|gl|gn|gu|gv|ha|haw|hi|hmn|hr|ht|hu|hy|id|ig|is|it|iu|iw|iw-orig|ja|jv|ka|kha|kk|kl|km|kn|ko|kri|ku|ky|la|lb|lg|ln|lo|lt|lua|luo|lv|mfe|mg|mi|mk|ml|mn|mr|ms|mt|my|ne|new|nl|no|nso|ny|oc|om|or|os|pa|pam|pl|ps|pt|pt-PT|qu|rn|ro|ru|rw|sa|sd|sg|si|sk|sl|sm|sn|so|sq|sr|ss|st|su|sv|sw|ta|te|tg|th|ti|tk|tn|to|tr|ts|tt|tum|ug|uk|ur|uz|ve|vi|war|wo|xh|yi|yo|zh-Hans|zh-Hant|zu,False,False,5,rejected,title_indicates_non_instructional_or_promotional_content
qoXVrpFVP10,https://www.youtube.com/watch?v=qoXVrpFVP10,היגוי הפוך הדגמה והסבר,Raanan Tzemach,he,countersteering,593,public,True,37,True,0,True,aa|ab|af|ak|am|ar|as|ay|az|ba|be|bg|bho|bn|bo|br|bs|ca|ceb|co|crs|cs|cy|da|de|dv|dz|ee|el|en|en-orig|eo|es|et|eu|fa|fi|fil|fj|fo|fr|fy|ga|gaa|gd|gl|gn|gu|gv|ha|haw|hi|hmn|hr|ht|hu|hy|id|ig|is|it|iu|iw|ja|jv|ka|kha|kk|kl|km|kn|ko|kri|ku|ky|la|lb|lg|ln|lo|lt|lua|luo|lv|mfe|mg|mi|mk|ml|mn|mr|ms|mt|my|ne|new|nl|no|nso|ny|oc|om|or|os|pa|pam|pl|ps|pt|pt-PT|qu|rn|ro|ru|rw|sa|sd|sg|si|sk|sl|sm|sn|so|sq|sr|ss|st|su|sv|sw|ta|te|tg|th|ti|tk|tn|to|tr|ts|tt|tum|ug|uk|ur|uz|ve|vi|war|wo|xh|yi|yo|zh-Hans|zh-Hant|zu,False,False,5,eligible_for_content_review,caption_tracks=157
7DDyMbbmYUo,https://www.youtube.com/watch?v=7DDyMbbmYUo,הדרכת רכיבת חולות עם זיו כרמי -  Ktm 990 Adv. Ktm 890 rally - HD - GoPro9,"Ron Izraelly - Driving, riding, racing !",he,sand,2013,public,True,66,True,0,True,,False,False,1,rejected,no_chapters_or_captions_for_content_evidence
odXtBADnmpQ,https://www.youtube.com/watch?v=odXtBADnmpQ,חוצה ישראל אדוונצ'ר 2020   מלא,Tal Amir - טל עמיר,he,obstacles,2641,public,True,64,True,0,True,,False,False,1,rejected,no_chapters_or_captions_for_content_evidence
hJE4in5KRv0,https://www.youtube.com/watch?v=hJE4in5KRv0,ילדים חסרי שכל על אופניים חשמליים בתל אביב,Two wheels life,he,urban_hazards,26,public,True,0,True,0,True,,False,False,0,rejected,too_short_for_release_depth; description_missing; no_chapters_or_captions_for_content_evidence
6ynYOU6NQW4,https://www.youtube.com/watch?v=6ynYOU6NQW4,קורס רכיבה קוסטאס למאריס 1993 אופנועי שטח,guy radar,he,mud,1401,public,True,667,True,0,True,aa|ab|af|ak|am|ar|as|ay|az|ba|be|bg|bho|bn|bo|br|bs|ca|ceb|co|crs|cs|cy|da|de|dv|dz|ee|el|en|en-orig|eo|es|et|eu|fa|fi|fil|fj|fo|fr|fy|ga|gaa|gd|gl|gn|gu|gv|ha|haw|hi|hmn|hr|ht|hu|hy|id|ig|is|it|iu|iw|ja|jv|ka|kha|kk|kl|km|kn|ko|kri|ku|ky|la|lb|lg|ln|lo|lt|lua|luo|lv|mfe|mg|mi|mk|ml|mn|mr|ms|mt|my|ne|new|nl|no|nso|ny|oc|om|or|os|pa|pam|pl|ps|pt|pt-PT|qu|rn|ro|ru|rw|sa|sd|sg|si|sk|sl|sm|sn|so|sq|sr|ss|st|su|sv|sw|ta|te|tg|th|ti|tk|tn|to|tr|ts|tt|tum|ug|uk|ur|uz|ve|vi|war|wo|xh|yi|yo|zh-Hans|zh-Hant|zu,False,False,6,eligible_for_content_review,caption_tracks=157
UaxuuvJdF88,https://www.youtube.com/watch?v=UaxuuvJdF88,איבוד בלמים בזמן נסיעה,הרשות הלאומית לבטיחות בדרכים,he,safety_body,104,public,True,138,True,0,True,aa|ab|af|ak|am|ar|as|ay|az|ba|be|bg|bho|bn|bo|br|bs|ca|ceb|co|crs|cs|cy|da|de|dv|dz|ee|el|en|eo|es|et|eu|fa|fi|fil|fj|fo|fr|fy|ga|gaa|gd|gl|gn|gu|gv|ha|haw|hi|hmn|hr|ht|hu|hy|id|ig|is|it|iu|iw|iw-orig|ja|jv|ka|kha|kk|kl|km|kn|ko|kri|ku|ky|la|lb|lg|ln|lo|lt|lua|luo|lv|mfe|mg|mi|mk|ml|mn|mr|ms|mt|my|ne|new|nl|no|nso|ny|oc|om|or|os|pa|pam|pl|ps|pt|pt-PT|qu|rn|ro|ru|rw|sa|sd|sg|si|sk|sl|sm|sn|so|sq|sr|ss|st|su|sv|sw|ta|te|tg|th|ti|tk|tn|to|tr|ts|tt|tum|ug|uk|ur|uz|ve|vi|war|wo|xh|yi|yo|zh-Hans|zh-Hant|zu,False,True,6,eligible_for_content_review,caption_tracks=157; professional_source_signal
wMtkexgMuhQ,https://www.youtube.com/watch?v=wMtkexgMuhQ,מתיחת שרשרת באופנוע - ורסיס 300,Versys 300 - Israel,he,maintenance,262,public,True,121,True,0,True,,False,False,2,rejected,no_chapters_or_captions_for_content_evidence
18Sp8mi_91w,https://www.youtube.com/watch?v=18Sp8mi_91w,טיפול ברוכב אופנוע שהתהפך בנחל משק,חלצ יחידות החילוץ,he,lifting,25,public,True,35,True,0,True,,False,False,1,rejected,too_short_for_release_depth; no_chapters_or_captions_for_content_evidence
X1fhTu0_Z_A,https://www.youtube.com/watch?v=X1fhTu0_Z_A,הארד אנדורו חובבנים - יערות מנשה ונחל גחר - תקציר,טל סנדרוני,he,hills,337,public,True,123,True,0,True,,False,False,2,rejected,no_chapters_or_captions_for_content_evidence
4IFh2sVDKak,https://www.youtube.com/watch?v=4IFh2sVDKak,"ווסט מתנפח כרית אויר לאופנוע כרית אויר,Airbag for sport motorcycle",לד סטאר ישראל LED STAR ISRAEL,he,protective_gear,49,public,True,62,True,0,True,,False,False,1,rejected,too_short_for_release_depth; no_chapters_or_captions_for_content_evidence
JYJnIDwEFdg,https://www.youtube.com/watch?v=JYJnIDwEFdg,בדיקות חורף | הכנה של האופנוע והקטנוע לחורף | מומנט אופנועים - ירושלים,מומנט אופנועים - מקצוענות מעל הכל,he,pre_ride,138,public,True,1093,True,0,True,,False,False,3,rejected,no_chapters_or_captions_for_content_evidence
ZwbIqpipFrY,https://www.youtube.com/watch?v=ZwbIqpipFrY,טבק אום קוניץ - רכיבת אופנועים,משה טיולי שטח Moto Tours,he,navigation,192,public,True,90,True,0,True,aa|ab|af|ak|am|ar|as|ay|az|ba|be|bg|bho|bn|bo|br|bs|ca|ceb|co|crs|cs|cy|da|de|dv|dz|ee|el|en|en-orig|eo|es|et|eu|fa|fi|fil|fj|fo|fr|fy|ga|gaa|gd|gl|gn|gu|gv|ha|haw|hi|hmn|hr|ht|hu|hy|id|ig|is|it|iu|iw|ja|jv|ka|kha|kk|kl|km|kn|ko|kri|ku|ky|la|lb|lg|ln|lo|lt|lua|luo|lv|mfe|mg|mi|mk|ml|mn|mr|ms|mt|my|ne|new|nl|no|nso|ny|oc|om|or|os|pa|pam|pl|ps|pt|pt-PT|qu|rn|ro|ru|rw|sa|sd|sg|si|sk|sl|sm|sn|so|sq|sr|ss|st|su|sv|sw|ta|te|tg|th|ti|tk|tn|to|tr|ts|tt|tum|ug|uk|ur|uz|ve|vi|war|wo|xh|yi|yo|zh-Hans|zh-Hant|zu,False,False,5,eligible_for_content_review,caption_tracks=157
It3Xes7g6h0,https://www.youtube.com/watch?v=It3Xes7g6h0,רכיבה מתקדמת - רכיבה נכונה על אופנוע.👍❗♨️👊,Moto Lamed,he,emergency_braking,350,public,True,70,True,0,True,,False,False,2,rejected,no_chapters_or_captions_for_content_evidence
7As5eL1WE0A,https://www.youtube.com/watch?v=7As5eL1WE0A,הדרכות מתקדמים ומתחילים עם פול טארס בישראל,ADV Moto Life,he,channel_seed,1350,public,True,278,True,0,True,aa|ab|af|ak|am|ar|as|ay|az|ba|be|bg|bho|bn|bo|br|bs|ca|ceb|co|crs|cs|cy|da|de|dv|dz|ee|el|en|eo|es|et|eu|fa|fi|fil|fj|fo|fr|fy|ga|gaa|gd|gl|gn|gu|gv|ha|haw|hi|hmn|hr|ht|hu|hy|id|ig|is|it|iu|iw|iw-orig|ja|jv|ka|kha|kk|kl|km|kn|ko|kri|ku|ky|la|lb|lg|ln|lo|lt|lua|luo|lv|mfe|mg|mi|mk|ml|mn|mr|ms|mt|my|ne|new|nl|no|nso|ny|oc|om|or|os|pa|pam|pl|ps|pt|pt-PT|qu|rn|ro|ru|rw|sa|sd|sg|si|sk|sl|sm|sn|so|sq|sr|ss|st|su|sv|sw|ta|te|tg|th|ti|tk|tn|to|tr|ts|tt|tum|ug|uk|ur|uz|ve|vi|war|wo|xh|yi|yo|zh-Hans|zh-Hant|zu,False,True,7,eligible_for_content_review,caption_tracks=157; professional_source_signal
HM7mDohvCZo,https://www.youtube.com/watch?v=HM7mDohvCZo,לימוד רכיבת שטח בעלייה עם דרדרת,Cohen Adventure (‫צביקה כהן השטח‬‎),he,instructor_seed,473,public,True,247,True,0,True,,False,False,2,rejected,no_chapters_or_captions_for_content_evidence
S5aNlHjthLA,https://www.youtube.com/watch?v=S5aNlHjthLA,בהרכבה על אופנוע,Cohen Adventure (‫צביקה כהן השטח‬‎),he,obstacles,485,public,True,182,True,0,True,,False,False,2,rejected,no_chapters_or_captions_for_content_evidence
CtmDIae-5VA,https://www.youtube.com/watch?v=CtmDIae-5VA,הספיידר של קאן אם - הדרכה על הכלי שמאפשר ביוון חופש של אופנוע עם יציבות של רכב,Kafri Drive,he,sand,337,public,True,479,True,0,True,,False,True,5,rejected,no_chapters_or_captions_for_content_evidence
D4SOuVoTs_w,https://www.youtube.com/watch?v=D4SOuVoTs_w,אופנוע נוסע באדום מלא,MyVlogs,he,water_crossing,38,public,True,202,True,0,True,,False,False,1,rejected,too_short_for_release_depth; no_chapters_or_captions_for_content_evidence
53xQjJt1wT0,https://www.youtube.com/watch?v=53xQjJt1wT0,אומנות הרכיבה בתנועה,OfnoanMeuman,he,lifting,40,public,True,50,True,0,True,,False,False,1,rejected,too_short_for_release_depth; no_chapters_or_captions_for_content_evidence
oufydNNDnHc,https://www.youtube.com/watch?v=oufydNNDnHc,מישל דור ל-YNET: כך תבחרו מעיל רכיבה,OfnoanMeuman,he,rain,213,public,True,156,True,0,True,,False,False,2,rejected,no_chapters_or_captions_for_content_evidence
3br6DFFMmus,https://www.youtube.com/watch?v=3br6DFFMmus,תיקון פנצ'ר זריז בעזרת ערכת תולעים,gsfrel,he,puncture,183,public,True,261,True,0,True,,False,False,2,rejected,no_chapters_or_captions_for_content_evidence
Y-iQN0LyfhY,https://www.youtube.com/watch?v=Y-iQN0LyfhY,"רכיבת אופנועי שטח בבן שמן אחרי הגשם - נדב, שחר, אייל, יפתח, אלמוג וכרובי 21.12.18",kRuvi,he,mud,168,public,True,244,True,0,True,aa|ab|af|ak|am|ar|as|ay|az|ba|be|bg|bho|bn|bo|br|bs|ca|ceb|co|crs|cs|cy|da|de|dv|dz|ee|el|en|eo|es|et|eu|fa|fi|fil|fj|fo|fr|fr-orig|fy|ga|gaa|gd|gl|gn|gu|gv|ha|haw|hi|hmn|hr|ht|hu|hy|id|ig|is|it|iu|iw|ja|jv|ka|kha|kk|kl|km|kn|ko|kri|ku|ky|la|lb|lg|ln|lo|lt|lua|luo|lv|mfe|mg|mi|mk|ml|mn|mr|ms|mt|my|ne|new|nl|no|nso|ny|oc|om|or|os|pa|pam|pl|ps|pt|pt-PT|qu|rn|ro|ru|rw|sa|sd|sg|si|sk|sl|sm|sn|so|sq|sr|ss|st|su|sv|sw|ta|te|tg|th|ti|tk|tn|to|tr|ts|tt|tum|ug|uk|ur|uz|ve|vi|war|wo|xh|yi|yo|zh-Hans|zh-Hant|zu,False,False,5,eligible_for_content_review,caption_tracks=157
mDB7ufrj2uQ,https://www.youtube.com/watch?v=mDB7ufrj2uQ,שלומי הוא אחמד תמימי (כתוביות) - רכיבה באזור לטרון 11.1.2020,kRuvi,he,group_riding,26,public,True,172,True,0,True,iw,False,False,4,rejected,too_short_for_release_depth
sHmR-Kgrxuo,https://www.youtube.com/watch?v=sHmR-Kgrxuo,רכיבת אופנועי שטח בהשוואה לרכיבת אופניים חשמליים - סינגל פארק קנדה  23.1.22,kRuvi,he,offroad_basics,71,public,True,340,True,0,True,,False,False,1,rejected,no_chapters_or_captions_for_content_evidence
Pe_aDITq8EU,https://www.youtube.com/watch?v=Pe_aDITq8EU,רכיבת אופנועים HD - קו 400 תל חדיד והסביבה אודי אריה 04-2021,udiarie74,he,cornering,329,public,True,37,True,0,True,,False,False,2,rejected,no_chapters_or_captions_for_content_evidence
57S1wjhs8n8,https://www.youtube.com/watch?v=57S1wjhs8n8,ברוש חליפות לרוכבי אופנועים המשולבים בבד קבלר,אוטוקאר ישראל,he,protective_gear,135,public,True,45,True,0,True,aa|ab|af|ak|am|ar|as|ay|az|ba|be|bg|bho|bn|bo|br|bs|ca|ceb|co|crs|cs|cy|da|de|dv|dz|ee|el|en|eo|es|et|eu|fa|fi|fil|fj|fo|fr|fy|ga|gaa|gd|gl|gn|gu|gv|ha|haw|hi|hmn|hr|ht|hu|hy|id|ig|is|it|iu|iw|iw-orig|ja|jv|ka|kha|kk|kl|km|kn|ko|kri|ku|ky|la|lb|lg|ln|lo|lt|lua|luo|lv|mfe|mg|mi|mk|ml|mn|mr|ms|mt|my|ne|new|nl|no|nso|ny|oc|om|or|os|pa|pam|pl|ps|pt|pt-PT|qu|rn|ro|ru|rw|sa|sd|sg|si|sk|sl|sm|sn|so|sq|sr|ss|st|su|sv|sw|ta|te|tg|th|ti|tk|tn|to|tr|ts|tt|tum|ug|uk|ur|uz|ve|vi|war|wo|xh|yi|yo|zh-Hans|zh-Hant|zu,False,False,5,eligible_for_content_review,caption_tracks=157
4hZ5YBJ0C0c,https://www.youtube.com/watch?v=4hZ5YBJ0C0c,טל המרכז ללימודי נהיגה - מסלול טסט בגוף ראשון,בית ספר טל המרכז ללימודי נהיגה,he,slow_control,126,public,True,45,True,0,True,,False,True,4,rejected,no_chapters_or_captions_for_content_evidence; title_indicates_non_instructional_or_promotional_content
DVngokVtEQM,https://www.youtube.com/watch?v=DVngokVtEQM,הדרכה על רכיבה בטוחה באופניים חשמליים,הרשות הלאומית לבטיחות בדרכים,he,safety_body,175,public,True,322,True,0,True,,False,True,4,rejected,no_chapters_or_captions_for_content_evidence
SoxnKw9sv_0,https://www.youtube.com/watch?v=SoxnKw9sv_0,איך לרכב על אופנוע בחורף,SobeR RideR,he,urban_hazards,694,public,True,1284,True,6,True,,False,False,5,eligible_for_content_review,youtube_chapters=6
HtNDIWDgOlg,https://www.youtube.com/watch?v=HtNDIWDgOlg,טיול אופנועים - בורות לוץ-הר כרכום-הקניון הלבן-נחל ערוד,משה טיולי שטח Moto Tours,he,navigation,303,public,True,215,True,0,True,,False,False,2,rejected,no_chapters_or_captions_for_content_evidence; title_indicates_non_instructional_or_promotional_content
rJR7AXXQKYg,https://www.youtube.com/watch?v=rJR7AXXQKYg,חומר למניעת פנצ'רים oko israel לאופנוע אפריקה טווין + שטח,‫קובי ברדה (‪Oko israel‬‏)‬‎,he,tires,598,public,True,72,True,0,True,,False,False,2,rejected,no_chapters_or_captions_for_content_evidence
dwsml9_0Ol8,https://www.youtube.com/watch?v=dwsml9_0Ol8,ניב אופנועים - טיפים לבדיקת שרשרת באופנוע,nivmoto,he,maintenance,165,public,True,106,True,0,True,aa|ab|af|ak|am|ar|as|ay|az|ba|be|bg|bho|bn|bo|br|bs|ca|ceb|co|crs|cs|cy|da|de|dv|dz|ee|el|en|eo|es|et|eu|fa|fi|fil|fj|fo|fr|fy|ga|gaa|gd|gl|gn|gu|gv|ha|haw|hi|hmn|hr|ht|hu|hy|id|ig|is|it|iu|iw|iw-orig|ja|jv|ka|kha|kk|kl|km|kn|ko|kri|ku|ky|la|lb|lg|ln|lo|lt|lua|luo|lv|mfe|mg|mi|mk|ml|mn|mr|ms|mt|my|ne|new|nl|no|nso|ny|oc|om|or|os|pa|pam|pl|ps|pt|pt-PT|qu|rn|ro|ru|rw|sa|sd|sg|si|sk|sl|sm|sn|so|sq|sr|ss|st|su|sv|sw|ta|te|tg|th|ti|tk|tn|to|tr|ts|tt|tum|ug|uk|ur|uz|ve|vi|war|wo|xh|yi|yo|zh-Hans|zh-Hant|zu,False,False,5,eligible_for_content_review,caption_tracks=157
DnvV26YgifU,https://www.youtube.com/watch?v=DnvV26YgifU,אדוונצ'רים מתחילים בשטח- מרמות מנשה לעין הנציב,ADV Moto Life,he,obstacles,515,public,True,209,True,0,True,,False,False,2,rejected,no_chapters_or_captions_for_content_evidence
_G0C8nEi5Yg,https://www.youtube.com/watch?v=_G0C8nEi5Yg,מגפי רכיבה לשטח,FOX HEAD Israel,he,protective_gear,122,public,True,149,True,0,True,aa|ab|af|ak|am|ar|as|ay|az|ba|be|bg|bho|bn|bo|br|bs|ca|ceb|co|crs|cs|cy|da|de|dv|dz|ee|el|en|en-orig|eo|es|et|eu|fa|fi|fil|fj|fo|fr|fy|ga|gaa|gd|gl|gn|gu|gv|ha|haw|hi|hmn|hr|ht|hu|hy|id|ig|is|it|iu|iw|ja|jv|ka|kha|kk|kl|km|kn|ko|kri|ku|ky|la|lb|lg|ln|lo|lt|lua|luo|lv|mfe|mg|mi|mk|ml|mn|mr|ms|mt|my|ne|new|nl|no|nso|ny|oc|om|or|os|pa|pam|pl|ps|pt|pt-PT|qu|rn|ro|ru|rw|sa|sd|sg|si|sk|sl|sm|sn|so|sq|sr|ss|st|su|sv|sw|ta|te|tg|th|ti|tk|tn|to|tr|ts|tt|tum|ug|uk|ur|uz|ve|vi|war|wo|xh|yi|yo|zh-Hans|zh-Hant|zu,False,False,5,eligible_for_content_review,caption_tracks=157
KIJHBp_S3hA,https://www.youtube.com/watch?v=KIJHBp_S3hA,כמעט ונפגע עם אופנוע - כביש החוף Motorcycle Near Miss,Michael Duadi,he,urban_hazards,31,public,True,0,True,0,True,,False,False,0,rejected,too_short_for_release_depth; description_missing; no_chapters_or_captions_for_content_evidence; title_indicates_non_instructional_or_promotional_content
aYu9oGc76vU,https://www.youtube.com/watch?v=aYu9oGc76vU,טיפ: איך לבחור מעיל רכיבה לרוכבי אופנועים וקטנועים,ProRiding Israel,he,tires,378,public,True,389,True,0,True,,False,True,4,rejected,no_chapters_or_captions_for_content_evidence
6tCcmH9Zshs,https://www.youtube.com/watch?v=6tCcmH9Zshs,ביצועים של אופנוע ספורט? אפריליה טוארג 660 אדוונצ'ר ראלי לחובבי גז,Tal Etzion EXTREME,he,gravel,374,public,True,0,True,0,True,aa|ab|af|ak|am|ar|as|ay|az|ba|be|bg|bho|bn|bo|br|bs|ca|ceb|co|crs|cs|cy|da|de|dv|dz|ee|el|en|eo|es|et|eu|fa|fi|fil|fj|fo|fr|fy|ga|gaa|gd|gl|gn|gu|gv|ha|haw|hi|hmn|hr|ht|hu|hy|id|ig|is|it|iu|iw|iw-orig|ja|jv|ka|kha|kk|kl|km|kn|ko|kri|ku|ky|la|lb|lg|ln|lo|lt|lua|luo|lv|mfe|mg|mi|mk|ml|mn|mr|ms|mt|my|ne|new|nl|no|nso|ny|oc|om|or|os|pa|pam|pl|ps|pt|pt-PT|qu|rn|ro|ru|rw|sa|sd|sg|si|sk|sl|sm|sn|so|sq|sr|ss|st|su|sv|sw|ta|te|tg|th|ti|tk|tn|to|tr|ts|tt|tum|ug|uk|ur|uz|ve|vi|war|wo|xh|yi|yo|zh-Hans|zh-Hant|zu,False,False,4,rejected,description_missing
FDn6vFmc634,https://www.youtube.com/watch?v=FDn6vFmc634,אופנוע חשמלי שיכול לנסוע עם אופנועי בנזין בשטח הכי קשה במדינה?   רכיבה בקו 400 הארד אינדורו,daniel life,he,fatigue,1240,public,True,67,True,0,True,,False,False,2,rejected,no_chapters_or_captions_for_content_evidence
nlrKgPe-uA0,https://www.youtube.com/watch?v=nlrKgPe-uA0,16.4.21 עולים עליות ב-30 מעלות בתרום-תעוז,kRuvi,he,hills,159,public,True,18,True,0,True,,False,False,2,rejected,no_chapters_or_captions_for_content_evidence
KoSmeW5aF0k,https://www.youtube.com/watch?v=KoSmeW5aF0k,החלפת צמיג ידנית לאופנוע שטח מוס\פנימית.,גלעד חורי,he,puncture,812,public,True,76,True,0,True,,False,False,2,rejected,no_chapters_or_captions_for_content_evidence
FPWLmoTf38c,https://www.youtube.com/watch?v=FPWLmoTf38c,"""להוריד 50% מהנפגעים תוך 5 שנים"" | יו""ר הרלב""ד אבי נאור בראיון אצל ינון מגל ובן כספית (19.9.2022)",הרשות הלאומית לבטיחות בדרכים,he,safety_body,364,public,True,102,True,0,True,,False,True,4,rejected,no_chapters_or_captions_for_content_evidence
QqvKa5-6l1w,https://www.youtube.com/watch?v=QqvKa5-6l1w,חילוץ רכב פרטי מבוץ,כל-בו שינוע גרר אופנוע ירושלים,he,recovery,82,public,True,112,True,0,True,,False,False,1,rejected,no_chapters_or_captions_for_content_evidence
Nuw4iY8mXvI,https://www.youtube.com/watch?v=Nuw4iY8mXvI,מרזבה-ציר המעיינות-נקרות - טיול אופנועים בהובלת אודי לנדאו,משה טיולי שטח Moto Tours,he,navigation,272,public,True,0,True,0,True,,False,False,1,rejected,description_missing; no_chapters_or_captions_for_content_evidence; title_indicates_non_instructional_or_promotional_content
Z3s3M9H2-0U,https://www.youtube.com/watch?v=Z3s3M9H2-0U,"פוקס אנדורו - הדרכות רכיבה, מדרגות - קובי חמד",פוקס אנדורו - fox enduro,he,sand,570,public,True,80,True,0,True,,False,False,2,rejected,no_chapters_or_captions_for_content_evidence
Wm62aTzuHPE,https://www.youtube.com/watch?v=Wm62aTzuHPE,Mt 07 | שיעור רישיון A בבאר שבע,שמנמנים ונהנים D:,he,slow_control,433,public,True,83,True,0,True,,False,False,2,rejected,no_chapters_or_captions_for_content_evidence; title_indicates_non_instructional_or_promotional_content
BHZ2mSbXkbw,https://www.youtube.com/watch?v=BHZ2mSbXkbw,טיפ על צמיגי אופנוע - פרוריידינג,ProRiding Israel,he,basics,105,public,True,216,True,0,True,,False,True,3,rejected,no_chapters_or_captions_for_content_evidence
wPQIXpF0bss,https://www.youtube.com/watch?v=wPQIXpF0bss,אדוונצ'רים מתחילים בשטח- נחל אלכסנדר לגן שמואל,ADV Moto Life,he,channel_seed,852,public,True,474,True,7,True,,False,False,5,eligible_for_content_review,youtube_chapters=7
sA7eGpOHS88,https://www.youtube.com/watch?v=sA7eGpOHS88,"אנדורו שטח משולבת סינגלים וסלעים , עליות נחמדות , אזור צומת נחשון והסביבה ,בהובלת דורון אביעד KTM450","Doron Aviad: Enduro, MMA, Ski",he,hills,2577,public,True,1158,True,0,True,,False,False,2,rejected,no_chapters_or_captions_for_content_evidence
hnID7GWz-kU,https://www.youtube.com/watch?v=hnID7GWz-kU,טל דן - מנהלים על אופנועים מדברים עסקים - סרט הנושא,Eran Yoran,he,cornering,228,public,True,98,True,0,True,,False,False,2,rejected,no_chapters_or_captions_for_content_evidence
IpYCg5-2_Js,https://www.youtube.com/watch?v=IpYCg5-2_Js,"אדוונצ'ר קשוח לשטח בפחות מ-40,000 ₪, אפשרי? בדקתי",Kfir Kasharian,he,gravel,1079,public,True,320,True,0,True,aa|ab|af|ak|am|ar|as|ay|az|ba|be|bg|bho|bn|bo|br|bs|ca|ceb|co|crs|cs|cy|da|de|dv|dz|ee|el|en|eo|es|et|eu|fa|fi|fil|fj|fo|fr|fy|ga|gaa|gd|gl|gn|gu|gv|ha|haw|hi|hmn|hr|ht|hu|hy|id|ig|is|it|iu|iw|iw-orig|ja|jv|ka|kha|kk|kl|km|kn|ko|kri|ku|ky|la|lb|lg|ln|lo|lt|lua|luo|lv|mfe|mg|mi|mk|ml|mn|mr|ms|mt|my|ne|new|nl|no|nso|ny|oc|om|or|os|pa|pam|pl|ps|pt|pt-PT|qu|rn|ro|ru|rw|sa|sd|sg|si|sk|sl|sm|sn|so|sq|sr|ss|st|su|sv|sw|ta|te|tg|th|ti|tk|tn|to|tr|ts|tt|tum|ug|uk|ur|uz|ve|vi|war|wo|xh|yi|yo|zh-Hans|zh-Hant|zu,False,False,5,eligible_for_content_review,caption_tracks=157
YB4tF7w2UyM,https://www.youtube.com/watch?v=YB4tF7w2UyM,איך לשרוד על הכביש עם אופנוע- התאמת האופנוע לרוכב,Maticycles,he,group_riding,347,public,True,0,True,0,True,,False,False,1,rejected,description_missing; no_chapters_or_captions_for_content_evidence
hHtIj3qYSp8,https://www.youtube.com/watch?v=hHtIj3qYSp8,ילד קטן לבדו שמתקשה לחצות כביש סואן בסוקולוב כיוון שאף רכב לא עוצר לו - צילום: רוני שחר,Ran ben simhon,he,water_crossing,9,public,True,0,True,0,True,,False,False,0,rejected,too_short_for_release_depth; description_missing; no_chapters_or_captions_for_content_evidence
X5JXZwGVSZg,https://www.youtube.com/watch?v=X5JXZwGVSZg,wili קיר 90 מעלות 2004.flv,Wili  Adventure club,he,lifting,13,public,True,273,True,0,True,,False,False,1,rejected,too_short_for_release_depth; no_chapters_or_captions_for_content_evidence
vMM1giqAC5A,https://www.youtube.com/watch?v=vMM1giqAC5A,רכיבת אופנועי שטח בבן שמן אחרי הגשם 14.12.2012,kRuvi,he,mud,155,public,True,0,True,0,True,,False,False,1,rejected,description_missing; no_chapters_or_captions_for_content_evidence
7_FJkf_lzEQ,https://www.youtube.com/watch?v=7_FJkf_lzEQ,כל הדרכים לבטיחות בדרכים - מנתונים למדיניות,הלשכה המרכזית לסטטיסטיקה CBS Israel,he,safety_body,6503,public,True,852,True,0,True,,False,True,4,rejected,too_long_for_focused_guide_entry; no_chapters_or_captions_for_content_evidence
Z-xbcfNuato,https://www.youtube.com/watch?v=Z-xbcfNuato,בדיקת מתיחות וטווח שרשרת באופנוע,Versys 300 - Israel,he,maintenance,70,public,True,263,True,0,True,,False,False,1,rejected,no_chapters_or_captions_for_content_evidence
O3hy800aBXY,https://www.youtube.com/watch?v=O3hy800aBXY,פנצ'ר באופנוע,ידידים - סיוע בדרכים 1230,he,puncture,76,public,True,39,True,0,True,,False,False,1,rejected,no_chapters_or_captions_for_content_evidence
OH9bnjtdUN4,https://www.youtube.com/watch?v=OH9bnjtdUN4,שיטה קלה לזיהוי סוג הכביש. חד סטרי/דו סיטרי,יניב קרניאל,he,u_turn,56,public,True,0,True,0,True,,False,False,0,rejected,too_short_for_release_depth; description_missing; no_chapters_or_captions_for_content_evidence
-fkv0t3KcDk,https://www.youtube.com/watch?v=-fkv0t3KcDk,החלפת משכך היגוי - אדוונצר 1090R | מומנט אופנועים- ירושלים,מומנט אופנועים - מקצוענות מעל הכל,he,countersteering,120,public,True,835,True,0,True,,False,False,3,rejected,no_chapters_or_captions_for_content_evidence
GwXb1oEWeMY,https://www.youtube.com/watch?v=GwXb1oEWeMY,מצב נפשי ופיזי,SobeR RideR,he,fatigue,1384,public,True,373,True,5,True,aa|ab|af|ak|am|ar|as|ay|az|ba|be|bg|bho|bn|bo|br|bs|ca|ceb|co|crs|cs|cy|da|de|dv|dz|ee|el|en|eo|es|et|eu|fa|fi|fil|fj|fo|fr|fy|ga|gaa|gd|gl|gn|gu|gv|ha|haw|hi|hmn|hr|ht|hu|hy|id|ig|is|it|iu|iw|iw-orig|ja|jv|ka|kha|kk|kl|km|kn|ko|kri|ku|ky|la|lb|lg|ln|lo|lt|lua|luo|lv|mfe|mg|mi|mk|ml|mn|mr|ms|mt|my|ne|new|nl|no|nso|ny|oc|om|or|os|pa|pam|pl|ps|pt|pt-PT|qu|rn|ro|ru|rw|sa|sd|sg|si|sk|sl|sm|sn|so|sq|sr|ss|st|su|sv|sw|ta|te|tg|th|ti|tk|tn|to|tr|ts|tt|tum|ug|uk|ur|uz|ve|vi|war|wo|xh|yi|yo|zh-Hans|zh-Hant|zu,False,False,7,eligible_for_content_review,youtube_chapters=5; caption_tracks=157
SdSWQ5M7thw,https://www.youtube.com/watch?v=SdSWQ5M7thw,דרום בקעת הירדן - רכיבת אופנועים בהובלת שוקי גבזה 17032021,משה טיולי שטח Moto Tours,he,navigation,269,public,True,128,True,0,True,,False,False,2,rejected,no_chapters_or_captions_for_content_evidence
bAY-2OdpIus,https://www.youtube.com/watch?v=bAY-2OdpIus,חרבות הברזל 2 חלק 2: חרבו דרבו במדבר,ADV Moto Life,he,channel_seed,2890,public,True,1300,True,16,True,aa|ab|af|ak|am|ar|as|ay|az|ba|be|bg|bho|bn|bo|br|bs|ca|ceb|co|crs|cs|cy|da|de|dv|dz|ee|el|en|eo|es|et|eu|fa|fi|fil|fj|fo|fr|fy|ga|gaa|gd|gl|gn|gu|gv|ha|haw|hi|hmn|hr|ht|hu|hy|id|ig|is|it|iu|iw|iw-orig|ja|jv|ka|kha|kk|kl|km|kn|ko|kri|ku|ky|la|lb|lg|ln|lo|lt|lua|luo|lv|mfe|mg|mi|mk|ml|mn|mr|ms|mt|my|ne|new|nl|no|nso|ny|oc|om|or|os|pa|pam|pl|ps|pt|pt-PT|qu|rn|ro|ru|rw|sa|sd|sg|si|sk|sl|sm|sn|so|sq|sr|ss|st|su|sv|sw|ta|te|tg|th|ti|tk|tn|to|tr|ts|tt|tum|ug|uk|ur|uz|ve|vi|war|wo|xh|yi|yo|zh-Hans|zh-Hant|zu,False,False,7,eligible_for_content_review,youtube_chapters=16; caption_tracks=157
QhNvb6h0XCg,https://www.youtube.com/watch?v=QhNvb6h0XCg,"איך לטפל בשרשרת, ומזה שרשרת בכלל",Moto Lamed,he,maintenance,597,public,True,35,True,0,True,,False,False,2,rejected,no_chapters_or_captions_for_content_evidence
ndXwbuAnyuA,https://www.youtube.com/watch?v=ndXwbuAnyuA,מדריך הוידאו לרוכב המתחיל - 45 שניות על מיקום נכון בנתיב #3,Pkd Aerui,he,urban_hazards,50,public,True,502,True,0,True,,False,True,4,rejected,too_short_for_release_depth; no_chapters_or_captions_for_content_evidence
NJPYufQoJlQ,https://www.youtube.com/watch?v=NJPYufQoJlQ,נחל מתק אופנועי אדוונצ'ר חוצה ישראל אביב 22,Tal Amir - טל עמיר,he,obstacles,137,public,True,0,True,0,True,,False,False,1,rejected,description_missing; no_chapters_or_captions_for_content_evidence
esfd_JFw7nw,https://www.youtube.com/watch?v=esfd_JFw7nw,חילוץ שטח,Yaniv Efraim,he,recovery,32,public,True,46,True,0,True,aa|ab|af|ak|am|ar|as|ay|az|ba|be|bg|bho|bn|bo|br|bs|ca|ceb|co|crs|cs|cy|da|de|dv|dz|ee|el|en|eo|es|et|eu|fa|fi|fil|fj|fo|fr|fy|ga|gaa|gd|gl|gn|gu|gv|ha|haw|hi|hmn|hr|ht|hu|hy|id|ig|is|it|iu|iw|iw-orig|ja|jv|ka|kha|kk|kl|km|kn|ko|kri|ku|ky|la|lb|lg|ln|lo|lt|lua|luo|lv|mfe|mg|mi|mk|ml|mn|mr|ms|mt|my|ne|new|nl|no|nso|ny|oc|om|or|os|pa|pam|pl|ps|pt|pt-PT|qu|rn|ro|ru|rw|sa|sd|sg|si|sk|sl|sm|sn|so|sq|sr|ss|st|su|sv|sw|ta|te|tg|th|ti|tk|tn|to|tr|ts|tt|tum|ug|uk|ur|uz|ve|vi|war|wo|xh|yi|yo|zh-Hans|zh-Hant|zu,False,False,4,rejected,too_short_for_release_depth
hFHVxw7JnYI,https://www.youtube.com/watch?v=hFHVxw7JnYI,רכיבת אופנועי אדוונצ'ר ודו שימושיים בבן שמן 21.7.2011,kRuvi,he,night,280,public,True,0,True,0,True,,False,False,1,rejected,description_missing; no_chapters_or_captions_for_content_evidence
62CHqaZRcPk,https://www.youtube.com/watch?v=62CHqaZRcPk,עופר אופנועים  OFERMOTO החלפת צמיגים ובדיקת מיסבים.,ofermoto,he,puncture,90,public,True,38,True,0,True,aa|ab|af|ak|am|ar|as|ay|az|ba|be|bg|bho|bn|bo|br|bs|ca|ceb|co|crs|cs|cy|da|de|dv|dz|ee|el|en|eo|es|et|eu|fa|fi|fil|fj|fo|fr|fy|ga|gaa|gd|gl|gn|gu|gv|ha|haw|hi|hmn|hr|ht|hu|hy|id|ig|is|it|iu|iw|iw-orig|ja|jv|ka|kha|kk|kl|km|kn|ko|kri|ku|ky|la|lb|lg|ln|lo|lt|lua|luo|lv|mfe|mg|mi|mk|ml|mn|mr|ms|mt|my|ne|new|nl|no|nso|ny|oc|om|or|os|pa|pam|pl|ps|pt|pt-PT|qu|rn|ro|ru|rw|sa|sd|sg|si|sk|sl|sm|sn|so|sq|sr|ss|st|su|sv|sw|ta|te|tg|th|ti|tk|tn|to|tr|ts|tt|tum|ug|uk|ur|uz|ve|vi|war|wo|xh|yi|yo|zh-Hans|zh-Hant|zu,False,False,4,eligible_for_content_review,caption_tracks=157
Zim8TwU7pJQ,https://www.youtube.com/watch?v=Zim8TwU7pJQ,"כיסוי לאופנוע, כיסוי לאופנוע שטח, MotoPark",tk ltd,he,protective_gear,32,public,True,124,True,0,True,,False,False,1,rejected,too_short_for_release_depth; no_chapters_or_captions_for_content_evidence
GL46KQRi0lc,https://www.youtube.com/watch?v=GL46KQRi0lc,ורד נוטמן - בלימת חירום בקורס נהיגה מתקדמת,veredn10,he,emergency_braking,28,public,True,166,True,0,True,,False,False,1,rejected,too_short_for_release_depth; no_chapters_or_captions_for_content_evidence
Qk9yETprnKs,https://www.youtube.com/watch?v=Qk9yETprnKs,סכנות פוטנציאליות בדרך עירונית עורקית: הולכי רגל,אגף זהב משרד החינוך,he,water_crossing,36,public,True,57,True,0,True,,False,False,1,rejected,too_short_for_release_depth; no_chapters_or_captions_for_content_evidence
_5DhIlXKgpA,https://www.youtube.com/watch?v=_5DhIlXKgpA,בית הספר של החיים | ילד עד גיל 9 לא חוצה כביש לבד,הרשות הלאומית לבטיחות בדרכים,he,safety_body,20,public,True,291,True,0,True,,False,True,3,rejected,too_short_for_release_depth; no_chapters_or_captions_for_content_evidence
ia8i3fLlrUg,https://www.youtube.com/watch?v=ia8i3fLlrUg,חדשות השבת - המכורים לאופנועי שטח | כאן 11 לשעבר רשות השידור,כאן 11 - תאגיד השידור הישראלי,he,offroad_basics,280,public,True,769,True,0,True,aa|ab|af|ak|am|ar|as|ay|az|ba|be|bg|bho|bn|bo|br|bs|ca|ceb|co|crs|cs|cy|da|de|dv|dz|ee|el|en|eo|es|et|eu|fa|fi|fil|fj|fo|fr|fy|ga|gaa|gd|gl|gn|gu|gv|ha|haw|hi|hmn|hr|ht|hu|hy|id|ig|is|it|iu|iw|iw-orig|ja|jv|ka|kha|kk|kl|km|kn|ko|kri|ku|ky|la|lb|lg|ln|lo|lt|lua|luo|lv|mfe|mg|mi|mk|ml|mn|mr|ms|mt|my|ne|new|nl|no|nso|ny|oc|om|or|os|pa|pam|pl|ps|pt|pt-PT|qu|rn|ro|ru|rw|sa|sd|sg|si|sk|sl|sm|sn|so|sq|sr|ss|st|su|sv|sw|ta|te|tg|th|ti|tk|tn|to|tr|ts|tt|tum|ug|uk|ur|uz|ve|vi|war|wo|xh|yi|yo|zh-Hans|zh-Hant|zu,False,False,6,rejected,title_indicates_non_instructional_or_promotional_content
uOxOWYnhssY,https://www.youtube.com/watch?v=uOxOWYnhssY,מוטורנט השכרת אופנועים ורייזרים באילת,מוטו רנט,he,sand,81,public,True,408,True,0,True,,False,False,2,rejected,no_chapters_or_captions_for_content_evidence
w9bHxeTqVFA,https://www.youtube.com/watch?v=w9bHxeTqVFA,טיול אופנועים לרמת הגולן 8/5/20,משה טיולי שטח Moto Tours,he,mud,257,public,True,440,True,0,True,aa|ab|af|ak|am|ar|as|ay|az|ba|be|bg|bho|bn|bo|br|bs|ca|ceb|co|crs|cs|cy|da|de|dv|dz|ee|el|en|en-orig|eo|es|et|eu|fa|fi|fil|fj|fo|fr|fy|ga|gaa|gd|gl|gn|gu|gv|ha|haw|hi|hmn|hr|ht|hu|hy|id|ig|is|it|iu|iw|ja|jv|ka|kha|kk|kl|km|kn|ko|kri|ku|ky|la|lb|lg|ln|lo|lt|lua|luo|lv|mfe|mg|mi|mk|ml|mn|mr|ms|mt|my|ne|new|nl|no|nso|ny|oc|om|or|os|pa|pam|pl|ps|pt|pt-PT|qu|rn|ro|ru|rw|sa|sd|sg|si|sk|sl|sm|sn|so|sq|sr|ss|st|su|sv|sw|ta|te|tg|th|ti|tk|tn|to|tr|ts|tt|tum|ug|uk|ur|uz|ve|vi|war|wo|xh|yi|yo|zh-Hans|zh-Hant|zu,False,False,6,rejected,title_indicates_non_instructional_or_promotional_content
xvCHx_ZnOvA,https://www.youtube.com/watch?v=xvCHx_ZnOvA,Georgia by adventure motorcycle - TET - July 2023,משה טיולי שטח Moto Tours,he,navigation,322,public,True,731,True,0,True,,False,False,3,rejected,no_chapters_or_captions_for_content_evidence
