youtube_video_id,youtube_url,language,channel_name,title_original,decision,reason_he
tBzG_y2mhHU,https://www.youtube.com/watch?v=tBzG_y2mhHU,he,ProRiding Israel,טיפ: הכרת היתרונות והחסרונות של מערכת ה-ABS באופנוע ובקטנוע,rejected,no_chapters_or_captions_for_content_evidence
05DDi3qweE0,https://www.youtube.com/watch?v=05DDi3qweE0,he,Cohen Adventure (‫צביקה כהן השטח‬‎),איך לא ליפול בשטח עם אופנוע,rejected,no_chapters_or_captions_for_content_evidence
jyRIPZ1olIs,https://www.youtube.com/watch?v=jyRIPZ1olIs,he,ADV Moto Life,קורס אדוונצ'ר 2 של פרוריידינג- מבט מבפנים,rejected,title_indicates_non_instructional_or_promotional_content
Nfox-7dggh4,https://www.youtube.com/watch?v=Nfox-7dggh4,he,ProRiding Israel,גם לאופנועי אדוונצ'ר כבדים מותר לרחף,rejected,no_chapters_or_captions_for_content_evidence
QkMjbG_6PzY,https://www.youtube.com/watch?v=QkMjbG_6PzY,he,ADV Moto Life,מקשקשים בקסדה פרק 3- מדברים על בולמים עם מוש כהן,rejected,no_chapters_or_captions_for_content_evidence
mi6-lTRzFkI,https://www.youtube.com/watch?v=mi6-lTRzFkI,he,Cohen Adventure (‫צביקה כהן השטח‬‎),דגשים לרכיבת שטח בעליות,rejected,no_chapters_or_captions_for_content_evidence
zmw788huGuk,https://www.youtube.com/watch?v=zmw788huGuk,he,ProRiding Israel,קורס רכיבת שטח לאופנועים דו-שימושיים גדולים במועדון BMW GS,rejected,no_chapters_or_captions_for_content_evidence
xl3emOAywZ8,https://www.youtube.com/watch?v=xl3emOAywZ8,he,ProRiding Israel,טיפ: ביצוע היגוי הפוך באופנוע,rejected,no_chapters_or_captions_for_content_evidence
NGsEsEp2DsA,https://www.youtube.com/watch?v=NGsEsEp2DsA,he,sivan leventhal,טכניקות אינדורו - שיעור מספר 1,rejected,too_short_for_release_depth
mVhES4mwvZ4,https://www.youtube.com/watch?v=mVhES4mwvZ4,he,FullgaZ Magazine,קורס רכיבת אנדורו 'נטו טכניקה',rejected,no_chapters_or_captions_for_content_evidence
HPbNRlbGfr8,https://www.youtube.com/watch?v=HPbNRlbGfr8,he,Maticycles,איך לשרוד על הכביש עם אופנוע- כביש בינעירוני,rejected,description_missing; no_chapters_or_captions_for_content_evidence
WJi4FiQHIos,https://www.youtube.com/watch?v=WJi4FiQHIos,he,Tony Wheelie,איך מרימים גלגל עם אופנוע - טוני ווילי,rejected,no_chapters_or_captions_for_content_evidence
AYi-E0rHMFM,https://www.youtube.com/watch?v=AYi-E0rHMFM,he,חיים רשיון לאופנוע,מבחן שליטה- רישיון נהיגה לאופנוע איך לבצע נכון - חיים רישיון לאופנוע,rejected,no_chapters_or_captions_for_content_evidence; title_indicates_non_instructional_or_promotional_content
bck9k6sihuc,https://www.youtube.com/watch?v=bck9k6sihuc,he,ADV Moto Life,מקשקשים בקסדה פרק 1- צביקה כהן השטח,rejected,no_chapters_or_captions_for_content_evidence
YwgKXex6VeM,https://www.youtube.com/watch?v=YwgKXex6VeM,he,Ben Kahana,הדרכת רכיבה מתקדמת בן כהנא,rejected,no_chapters_or_captions_for_content_evidence
z6NG6lPDcrU,https://www.youtube.com/watch?v=z6NG6lPDcrU,he,ADV Moto Life,מעיל רכיבה לאופנוע אדוונצ'ר ב-$69??? נשמע טוב מידי,rejected,no_chapters_or_captions_for_content_evidence
v0X0Dr8SJoE,https://www.youtube.com/watch?v=v0X0Dr8SJoE,en,Wrong Way Round,Motorcycle journey overlanding ISRAEL- מסע חוצה ישראל על אופנוע,rejected,title_indicates_non_instructional_or_promotional_content
saohAxgahSU,https://www.youtube.com/watch?v=saohAxgahSU,he,Adventure Motorcycles,הכנה לאדוונצ'ר לילה,rejected,no_chapters_or_captions_for_content_evidence
ysyoSLg8gqE,https://www.youtube.com/watch?v=ysyoSLg8gqE,he,FullgaZ Magazine,מדריך טכני: כיוון כידון ומנופים,rejected,no_chapters_or_captions_for_content_evidence
qp7U29JizO4,https://www.youtube.com/watch?v=qp7U29JizO4,en,KTVB,Two dirt bike riders rescued near Morris Creek Summit in Idaho,rejected,too_short_for_release_depth
vJRBas985qo,https://www.youtube.com/watch?v=vJRBas985qo,en,The Motorcycle Brain,The Motorcycle U-Turn Mistake That's Holding You Back,rejected,caption_tracks=157
tWxi0uyLAQY,https://www.youtube.com/watch?v=tWxi0uyLAQY,,Victor BaranovskY,תיקון פנצ'ר בפנימית אופנוע,rejected,source_not_active_public; source_unavailable; duration_missing; description_missing; no_chapters_or_captions_for_content_evidence
miTgURL20e8,https://www.youtube.com/watch?v=miTgURL20e8,he,Wild Adventures - Itay Dor,יורדים את מעלה זרון על אדוונצ'ר - טיול שקיעה זריחה שנגמר בגרירה,rejected,title_indicates_non_instructional_or_promotional_content
bhFCMdttgGA,https://www.youtube.com/watch?v=bhFCMdttgGA,he,asaf ktm,"מושחתי אמצ""ש מכים שוב, הרבה בוץ וקצת טכניקה בנגב הצפוני",rejected,no_chapters_or_captions_for_content_evidence
wzotIjnTUPI,https://www.youtube.com/watch?v=wzotIjnTUPI,he,gsfrel,טיפ/טריק חשוב שיכול להציל אתכם בזמן התקנת צמיג!,rejected,no_chapters_or_captions_for_content_evidence
0yCM4q7JPOU,https://www.youtube.com/watch?v=0yCM4q7JPOU,he,הרשות הלאומית לבטיחות בדרכים,לוקחים אחריות - עוברים לרכיבה מודעת,rejected,too_short_for_release_depth; no_chapters_or_captions_for_content_evidence
GMEV_jVBlYY,https://www.youtube.com/watch?v=GMEV_jVBlYY,he,משה טיולי שטח Moto Tours,6.3.2021 עם אדוונצ'רים במדבר יהודה,rejected,no_chapters_or_captions_for_content_evidence
wOL9k9mElog,https://www.youtube.com/watch?v=wOL9k9mElog,he,משה פרחי - רכיבה מתקדמת,בלימת חירום באופנוע עם abs,rejected,too_short_for_release_depth; no_chapters_or_captions_for_content_evidence
2z0zAvWuXvA,https://www.youtube.com/watch?v=2z0zAvWuXvA,he,"Doron Aviad: Enduro, MMA, Ski",סוף סלע 47 מסביר ומדגים איך להרים גלגל (ווילי) עם אופנוע שטח KTM,rejected,caption_tracks=2
n8T8nWXt_Nw,https://www.youtube.com/watch?v=n8T8nWXt_Nw,en,Joe Goe Motorcycle Adventures,7 Secrets For Riding Your Motorcycle At Night,rejected,caption_tracks=157; professional_source_signal; marketing_signal_present
cSchxYarffc,https://www.youtube.com/watch?v=cSchxYarffc,he, Motor shop,טיפול שרשרת לאופנוע - מדריך מושלם @MoTorshop-  שימון שרשרת וניקוי שרשרת,rejected,caption_tracks=157; professional_source_signal; marketing_signal_present
CaMfDrjMFi4,https://www.youtube.com/watch?v=CaMfDrjMFi4,he,Ask Ralbad,קצרים על בטיחות | איך רוכבים בגשם ועל כביש רטוב?,rejected,no_chapters_or_captions_for_content_evidence
kTYQIODB1pA,https://www.youtube.com/watch?v=kTYQIODB1pA,he,AviADV,"קוב 800X Rally ב-13,000 ש""ח פחות! בה.מ. מוטורס מעדכנים מחירים",rejected,too_short_for_release_depth; no_chapters_or_captions_for_content_evidence
M9bBUVyagRY,https://www.youtube.com/watch?v=M9bBUVyagRY,he,Cohen Adventure (‫צביקה כהן השטח‬‎),ציוד רכיבה,rejected,no_chapters_or_captions_for_content_evidence
28cYA5bwldQ,https://www.youtube.com/watch?v=28cYA5bwldQ,,David Beloosesky,החלפת פנימית 1,rejected,language_not_verifiable_as_he_or_en; description_missing; no_chapters_or_captions_for_content_evidence
2mbGEorWqZk,https://www.youtube.com/watch?v=2mbGEorWqZk,he,Drone Hero,Motorcycle Training | אימון אופנועים,rejected,no_chapters_or_captions_for_content_evidence
3R5kPOa3TDI,https://www.youtube.com/watch?v=3R5kPOa3TDI,he,Electric Power,חילוץ חבר תקוע בשטח,rejected,no_chapters_or_captions_for_content_evidence
xFXDYnozwbY,https://www.youtube.com/watch?v=xFXDYnozwbY,he,FullgaZ Magazine,KTM 390 Adventure - Walk Around and Ride,rejected,no_chapters_or_captions_for_content_evidence; title_indicates_non_instructional_or_promotional_content
_AX2ctfRh9M,https://www.youtube.com/watch?v=_AX2ctfRh9M,he,Green Monkey,בדיקה אופנוע לפני רכישה,rejected,description_missing
yCJSSrJswjs,https://www.youtube.com/watch?v=yCJSSrJswjs,en,Joe Goe Motorcycle Adventures,This Is Why YOU Need To Take An Advanced Motorcycle Class!,rejected,caption_tracks=157; professional_source_signal; marketing_signal_present
9vcmIOmnkQE,https://www.youtube.com/watch?v=9vcmIOmnkQE,he,Moto Lamed,היגוי הפוך - קצר וברור.,rejected,no_chapters_or_captions_for_content_evidence
FK5jeGkT4pY,https://www.youtube.com/watch?v=FK5jeGkT4pY,he,Moto Lamed,מיגון נכון לאופנוע שלך - טיונינג 🏍️👍☝️,rejected,no_chapters_or_captions_for_content_evidence
qTAqeGOSDls,https://www.youtube.com/watch?v=qTAqeGOSDls,he,Pkd Aerui,מדריך הוידאו לרוכב המתחיל - 45 שניות על זיהוי סכנות בכביש #1,rejected,too_short_for_release_depth; no_chapters_or_captions_for_content_evidence
z_haIJ8OsxY,https://www.youtube.com/watch?v=z_haIJ8OsxY,he,ProRiding Israel,יום הדרכת רכיבה ליחידת אבטחה רכובה על אופנועים,rejected,no_chapters_or_captions_for_content_evidence
qzhI9loXI5M,https://www.youtube.com/watch?v=qzhI9loXI5M,he,RY30,רכיבת אופנועי שטח אנדורו - בן שמן,rejected,description_missing; no_chapters_or_captions_for_content_evidence
leKONloNRHo,https://www.youtube.com/watch?v=leKONloNRHo,he,kRuvi,רכיבת אופנועי שטח - רק 2 פעימות - בבוץ אחרי הגשם בבן שמן 21.1.12,rejected,no_chapters_or_captions_for_content_evidence
yUPBLQYcR-E,https://www.youtube.com/watch?v=yUPBLQYcR-E,he,moshe cohen,הנמכה לאופנוע שטח האם כדאי? מה הדרך הנכונה לעשות? הנמכת מושב כן לא ואיך ? Lowering your dirt bike,rejected,no_chapters_or_captions_for_content_evidence
o67DspnS35I,https://www.youtube.com/watch?v=o67DspnS35I,he,oR1515,"הקפה של עייפות במסלול של ג'וליס, עם נפילה לקינוח",rejected,description_missing; no_chapters_or_captions_for_content_evidence
xeYcQRQiflo,https://www.youtube.com/watch?v=xeYcQRQiflo,he,בית ספר טל המרכז ללימודי נהיגה,איך עוברים טסט לאופנוע - טל המרכז ללימודי נהיגה פתח תקווה,rejected,no_chapters_or_captions_for_content_evidence
QE_LzEpXQQs,https://www.youtube.com/watch?v=QE_LzEpXQQs,he,הרשות הלאומית לבטיחות בדרכים,"חוגגים עשור לחשבון היוטיוב של הרלב""ד",rejected,too_short_for_release_depth; no_chapters_or_captions_for_content_evidence
monnV2GG-yQ,https://www.youtube.com/watch?v=monnV2GG-yQ,he,משה טיולי שטח Moto Tours,מתחילים במדבר #2 - רוכבי שטח מתחילים בטיול במדבר יהודה,rejected,title_indicates_non_instructional_or_promotional_content
BvelupbfwhM,https://www.youtube.com/watch?v=BvelupbfwhM,he,משה פרחי - רכיבה מתקדמת,בלימת חירום בכביש רטוב באופנוע שמצויד במערכת abs,rejected,too_short_for_release_depth; no_chapters_or_captions_for_content_evidence
_37R9gTBQzg,https://www.youtube.com/watch?v=_37R9gTBQzg,he,Cohen Adventure (‫צביקה כהן השטח‬‎),איך לסובב אופנוע על המקום,rejected,no_chapters_or_captions_for_content_evidence
up-0FSj9Mcs,https://www.youtube.com/watch?v=up-0FSj9Mcs,he,Cohen Adventure (‫צביקה כהן השטח‬‎),איך לתקן פנצ'ר בגלגל עם פנימית באופנוע,rejected,no_chapters_or_captions_for_content_evidence
_kUzaGCzuvQ,https://www.youtube.com/watch?v=_kUzaGCzuvQ,he,ProRiding Israel,טיפ: איך לכוון נכון את מראות האופנוע?,rejected,no_chapters_or_captions_for_content_evidence
nMiHEDMqG00,https://www.youtube.com/watch?v=nMiHEDMqG00,he,ADV Moto Life,אדוונצ'רים מצייצים - טיול פתיחת העונה בהרי ירושלים,rejected,no_chapters_or_captions_for_content_evidence; title_indicates_non_instructional_or_promotional_content
j7fQbv2UZBc,https://www.youtube.com/watch?v=j7fQbv2UZBc,en,Acer Rider,2026 Yamaha DT350R OFFICIAL LAUNCH ?😯 | Mid-Size Dual-Sport Designed for Adventure (Concept),rejected,caption_tracks=157
sMPOw3ch5Vo,https://www.youtube.com/watch?v=sMPOw3ch5Vo,en,Adventure Bikes Australia,How to Adjust the Factory Suspension on a 2023 Kawasaki KLR 650,rejected,caption_tracks=158; marketing_signal_present
H42JxZ59cPQ,https://www.youtube.com/watch?v=H42JxZ59cPQ,en,Automaz,NEW 2027 BMW F450 GS REVIEW – The Baby GS That Could Shake Up the Entire Adventure Class‼️🔥,rejected,title_indicates_non_instructional_or_promotional_content
a789n6jIfOg,https://www.youtube.com/watch?v=a789n6jIfOg,en,Joe Goe Motorcycle Adventures,CRITICAL Tips For Making U-turns On Gravel!,rejected,caption_tracks=157; marketing_signal_present
Q_okv36Amvg,https://www.youtube.com/watch?v=Q_okv36Amvg,en,MOTOTREK,BEGINNERS Guide to the BASICS of Adventure Motorcycle Control,rejected,caption_tracks=157; marketing_signal_present
RVOvQj80jc0,https://www.youtube.com/watch?v=RVOvQj80jc0,en,The Motorcycle Brain,The REAL Reason Riders CRASH in RAIN (LEARN NOW - STAY ALIVE),rejected,title_indicates_non_instructional_or_promotional_content
on-BHqK0Mf8,https://www.youtube.com/watch?v=on-BHqK0Mf8,,אופיר המהיר,טסט אופנוע בנתניה,rejected,language_not_verifiable_as_he_or_en; description_missing; no_chapters_or_captions_for_content_evidence; title_indicates_non_instructional_or_promotional_content
DOnHrnnnrt8,https://www.youtube.com/watch?v=DOnHrnnnrt8,he,אתר מידרג,בדיקת קטנוע לפני קנייה - כל הטיפים לקניית אופנוע,rejected,caption_tracks=1
YHhXoBwO_hc,https://www.youtube.com/watch?v=YHhXoBwO_hc,he,הגלסים ( אור + אילן גלס ),תרום תחת עייפות 16/5/2026,rejected,description_missing
DEek-peTQ6k,https://www.youtube.com/watch?v=DEek-peTQ6k,he,טל סנדרוני,ציוד מיגון לרוכבי אופנועי שטח,rejected,no_chapters_or_captions_for_content_evidence
GJoXwRfem-c,https://www.youtube.com/watch?v=GJoXwRfem-c,he,משה טיולי שטח Moto Tours,טיול אופנועים בצפון-כרכום עד בית הילל - בהובלת הגר קרפפן,rejected,title_indicates_non_instructional_or_promotional_content
qSIjPgzq5zQ,https://www.youtube.com/watch?v=qSIjPgzq5zQ,,ניק ג'וניור ישראל,מפרץ ההרפתקאות 🐾מבצע חילוץ בלונדון | ניק ג'וניור,rejected,source_not_active_public; source_unavailable; duration_missing; description_missing; no_chapters_or_captions_for_content_evidence
R2_2Pdd-QCg,https://www.youtube.com/watch?v=R2_2Pdd-QCg,he,ADV Moto Life,קורס רכיבת אופנוע אדוונצ'ר- סקירת שוק,rejected,no_chapters_or_captions_for_content_evidence
UMdUg4zfh2g,https://www.youtube.com/watch?v=UMdUg4zfh2g,he,ProRiding Israel,טיפ: איך לבחור קסדה נכונה לרוכב אופנוע או קטנוע?,rejected,no_chapters_or_captions_for_content_evidence
e8w0uYHGCWs,https://www.youtube.com/watch?v=e8w0uYHGCWs,he,ProRiding Israel,תנוחת רכיבה על אופנוע,rejected,no_chapters_or_captions_for_content_evidence
eDiLjZyPtP8,https://www.youtube.com/watch?v=eDiLjZyPtP8,he,משה פרחי - רכיבה מתקדמת,איזה בלם לבלום בבלימת חירום?,rejected,too_short_for_release_depth; no_chapters_or_captions_for_content_evidence
lK3FtKKaMVo,https://www.youtube.com/watch?v=lK3FtKKaMVo,he,2wheel-adventure,לרכב עם משוגעים,rejected,no_chapters_or_captions_for_content_evidence
0KIjudJZjVg,https://www.youtube.com/watch?v=0KIjudJZjVg,he,ADV Moto Life,עליית המוות של שפית- אדוונצ'ר בהרי ירושלים,rejected,no_chapters_or_captions_for_content_evidence
vTlHV9zIlkA,https://www.youtube.com/watch?v=vTlHV9zIlkA,he,FOX HEAD Israel,fox head ציוד לרכיבת שטח ומוטוקרוס,rejected,no_chapters_or_captions_for_content_evidence
U8Lsg6VYDLs,https://www.youtube.com/watch?v=U8Lsg6VYDLs,en,Ride Like a Pro Jerry Palladino,Are you ready to take an advanced rider class?,rejected,caption_tracks=157; professional_source_signal
QkbflgJuNvg,https://www.youtube.com/watch?v=QkbflgJuNvg,,alonrefael,"מה זה ""היגוי הפוך באופנוע"" ואיך מבצעים אותו ?",rejected,source_not_active_public; source_unavailable; duration_missing; description_missing; no_chapters_or_captions_for_content_evidence
ML6OCSK140A,https://www.youtube.com/watch?v=ML6OCSK140A,,golaneliyho,חוצים תעלת מים,rejected,language_not_verifiable_as_he_or_en; too_short_for_release_depth; description_missing; no_chapters_or_captions_for_content_evidence
PCcZCLdLLfM,https://www.youtube.com/watch?v=PCcZCLdLLfM,he,kRuvi,רכיבה בבוץ אחרי שבועיים של גשם ביער בן שמן 10.1.2020,rejected,description_missing; no_chapters_or_captions_for_content_evidence
uGk1EH74qeM,https://www.youtube.com/watch?v=uGk1EH74qeM,he,nivmoto,ניב אופנועים - טיפים לרכישת אופנוע משומש,rejected,no_chapters_or_captions_for_content_evidence
SypB0adl_Kw,https://www.youtube.com/watch?v=SypB0adl_Kw,,roylev500,חילוץ,rejected,language_not_verifiable_as_he_or_en; too_short_for_release_depth; no_chapters_or_captions_for_content_evidence
6JOo4__N3Wc,https://www.youtube.com/watch?v=6JOo4__N3Wc,en,2 stroke sound,Voge DS 800 X RALLY Specs COMMON PROBLEMS AND FAULTS All the BAD and the GOOD,rejected,caption_tracks=162
OLNDCTlHmWE,https://www.youtube.com/watch?v=OLNDCTlHmWE,he,הונדה אופנועים,תחשבו על הפנייה האהובה עליכם... תחשבו על אחיזת כביש מושלמת... תחשבו על הפיירבלייד החדש של הונדה!,rejected,too_short_for_release_depth; description_missing
t9ah2d7bW1w,https://www.youtube.com/watch?v=t9ah2d7bW1w,he,הכלך האבוד,החלפת פנימית - באופנוע שטח או קטנוע,rejected,no_chapters_or_captions_for_content_evidence
oMnfpPeBr2o,https://www.youtube.com/watch?v=oMnfpPeBr2o,he,SobeR RideR,כביש מהיר אופנוע חלש,rejected,no_chapters_or_captions_for_content_evidence
Mv9pGSii7Ig,https://www.youtube.com/watch?v=Mv9pGSii7Ig,he,משה טיולי שטח Moto Tours,טיול אופנועים ליוון עם צביקה כהן השטח,rejected,title_indicates_non_instructional_or_promotional_content
rUebtFqywso,https://www.youtube.com/watch?v=rUebtFqywso,he,Aloosh,5 טעויות שרוכבי אופנועים עושים | ALOOSH,rejected,no_chapters_or_captions_for_content_evidence
L2_CBYlLkWs,https://www.youtube.com/watch?v=L2_CBYlLkWs,he,Cohen Adventure (‫צביקה כהן השטח‬‎),שימוש בבקרות האופנוע ברכיבת שטח,rejected,no_chapters_or_captions_for_content_evidence
keR2svi5eSk,https://www.youtube.com/watch?v=keR2svi5eSk,he,משה פרחי - רכיבה מתקדמת,אור מתרגל בלימה ספורטיבית,rejected,too_short_for_release_depth; no_chapters_or_captions_for_content_evidence
JlbTwbRMtZI,https://www.youtube.com/watch?v=JlbTwbRMtZI,he,ADV Moto Life,"אדוונצ'רים מתחילים - טיול ראש השנה תשפ""ד לצפון",rejected,title_indicates_non_instructional_or_promotional_content
0zrwC8gNf1A,https://www.youtube.com/watch?v=0zrwC8gNf1A,he,Aloosh,טיפ שכול רוכב אופנוע צריך לדעת | ALOOSH,rejected,description_missing; no_chapters_or_captions_for_content_evidence
Za9PbWExhnk,https://www.youtube.com/watch?v=Za9PbWExhnk,en,Big Rock Moto,What Size Adventure Bike is Right for You? Here's how to decide.,rejected,youtube_chapters=13; caption_tracks=157; marketing_signal_present
vq0KW68hJp8,https://www.youtube.com/watch?v=vq0KW68hJp8,he,CarsPlace.co.il,"אופיר טרקטורונים , החלפת פנימית באופנוע שטח.MOV",rejected,too_short_for_release_depth; no_chapters_or_captions_for_content_evidence
EA1Q1evwcYY,https://www.youtube.com/watch?v=EA1Q1evwcYY,he,Cohen Adventure (‫צביקה כהן השטח‬‎),איך מעבירים הילוכים עם מגפי שטח,rejected,no_chapters_or_captions_for_content_evidence
-FUJIeErADk,https://www.youtube.com/watch?v=-FUJIeErADk,he,HiTAiR-Nanotech Israel,לקט היט אייר ניפוחים-הדגמת אפוד לרוכבי אופנוע עם כריות אוויר בעברית,rejected,too_short_for_release_depth; no_chapters_or_captions_for_content_evidence
iqjyE4h6Xds,https://www.youtube.com/watch?v=iqjyE4h6Xds,en,IPONE,How to clean and lube a motorcycle chain,rejected,too_short_for_release_depth; no_chapters_or_captions_for_content_evidence
amNoaDkfwxg,https://www.youtube.com/watch?v=amNoaDkfwxg,he,Israel Police - משטרת ישראל,מעצר רוכבי אופנועי שטח המנסים להימלט משוטרים,rejected,caption_tracks=1
BdQniPDHP9I,https://www.youtube.com/watch?v=BdQniPDHP9I,,MOTO-SHER,הדרכת בלימה והיגוי (בן),rejected,unsupported_declared_language=pl; description_missing
XlPFPsOa4Mg,https://www.youtube.com/watch?v=XlPFPsOa4Mg,he,Maticycles,איך לשרוד על הכביש עם אופנוע- היגוי נגדי,rejected,description_missing; no_chapters_or_captions_for_content_evidence
wyr5-BW9BbA,https://www.youtube.com/watch?v=wyr5-BW9BbA,en,Motorcycle World,Battlax Adventure A41 vs Tourance Next 2: Best Tires for Touring Motorcycles,rejected,caption_tracks=157
cSy1Yy_fdQM,https://www.youtube.com/watch?v=cSy1Yy_fdQM,he,Ride Vision,תמיר משה מספר כיצד המערכת של ריידויז'ן עוזרת לו לרכוב בטוח יותר,rejected,no_chapters_or_captions_for_content_evidence
QropDkHAQI4,https://www.youtube.com/watch?v=QropDkHAQI4,he,Tal Mazar,עייפות וקשיים טכניים - רכיבת אנדורו פארק קנדה NOPRO-13 Enduro riding Canada Park,rejected,caption_tracks=157
hw3vNwd76n8,https://www.youtube.com/watch?v=hw3vNwd76n8,he,The How To Channel,איך לשמור על בטיחות בנסיעה על אופנוע | 7 כללים של מקצוענים,rejected,no_chapters_or_captions_for_content_evidence
l8JKhErF8VQ,https://www.youtube.com/watch?v=l8JKhErF8VQ,en,Ultimate Motorcycling,2020 Moto Guzzi V85 TT Adventure and V85 TT First Ride Review | Ultimate Motorcycling,rejected,title_indicates_non_instructional_or_promotional_content
rFg33tIM5BY,https://www.youtube.com/watch?v=rFg33tIM5BY,he,גלגל אופניים,בדיקות לפני רכיבה - גלגל אופניים,rejected,no_chapters_or_captions_for_content_evidence
3FW73-GfqkU,https://www.youtube.com/watch?v=3FW73-GfqkU,he,יוסי מאיר,חילוץ 4X4 מחוף הים,rejected,too_short_for_release_depth
RXAvPjawlkY,https://www.youtube.com/watch?v=RXAvPjawlkY,he,משה טיולי שטח Moto Tours,טיז אזלמה-ראס מועכף-טבק אום קוניס-ראש טור -רכיבת אופנועים,rejected,caption_tracks=157
uf7L_H6I3lE,https://www.youtube.com/watch?v=uf7L_H6I3lE,he,משה טיולי שטח Moto Tours,מעבר המכוך - אופנועי שטח,rejected,no_chapters_or_captions_for_content_evidence
xDIQPsq1kSk,https://www.youtube.com/watch?v=xDIQPsq1kSk,he,ADV Moto Life,מסע אופנועי שטח דו יומי מבת שלמה לגולן והגליל,rejected,title_indicates_non_instructional_or_promotional_content
FXZLg82hwnU,https://www.youtube.com/watch?v=FXZLg82hwnU,he,משה פרחי - רכיבה מתקדמת,מה עושים אם מגיעים לפנייה או סיבוב ומגלים שהגענו מהר מדי? כל התשובות בסרטון.,rejected,no_chapters_or_captions_for_content_evidence
_0ajYJOe-LQ,https://www.youtube.com/watch?v=_0ajYJOe-LQ,he,ProRiding Israel,קורס רכיבה לאופנועים וקטנועים במגרש סגור וסטרילי - PRO1,rejected,no_chapters_or_captions_for_content_evidence
NJtlZvGq7m8,https://www.youtube.com/watch?v=NJtlZvGq7m8,he,Wild Adventures - Itay Dor,אדוונצ'ר נגד המוחרקה,rejected,caption_tracks=157
vaSAm7raUmU,https://www.youtube.com/watch?v=vaSAm7raUmU,en,Autozium,The Easiest U-Turn Trick They Never Teach You,rejected,caption_tracks=157
ChjYX_SAhx8,https://www.youtube.com/watch?v=ChjYX_SAhx8,he,"Doron Aviad: Enduro, MMA, Ski",הדרכת  רכיבת שטח - אנדורו עם אלוף הארץ סוף סלע בחסות KTM,rejected,caption_tracks=1; professional_source_signal; marketing_signal_present
yc647KP8XFE,https://www.youtube.com/watch?v=yc647KP8XFE,he,EFM Sports,איך לשטוף אופנוע שטח,rejected,no_chapters_or_captions_for_content_evidence
f-8RzryKY8Y,https://www.youtube.com/watch?v=f-8RzryKY8Y,he,Maticycles,איך לשרוד על הכביש עם אופנוע- בלמים,rejected,description_missing; no_chapters_or_captions_for_content_evidence
VOGyP6IYwhU,https://www.youtube.com/watch?v=VOGyP6IYwhU,he,Moto Lamed,בדיקת אופנוע לפני קנייה .,rejected,caption_tracks=157
4bcvJGEQuOQ,https://www.youtube.com/watch?v=4bcvJGEQuOQ,he,Moto Magazine,אלפינסטארס טק אייר בישראל - נציג החברה בראיון במוטו דוגרי,rejected,caption_tracks=157
MSLfEnMJLrY,https://www.youtube.com/watch?v=MSLfEnMJLrY,he,Nati Hadad Professional Photography,הדרכת מעבר מכשולים של קובי חמד  Enduro Training Kobi Hemed,rejected,no_chapters_or_captions_for_content_evidence
Dg6VR8FPAoY,https://www.youtube.com/watch?v=Dg6VR8FPAoY,en,The Girl On A Bike,This Might Be the Best Off-Road Riding in the World - Tasmania - Part 1 with Ultimate Cape Escape,rejected,youtube_chapters=8; caption_tracks=158; marketing_signal_present
ujNXxOrsMrI,https://www.youtube.com/watch?v=ujNXxOrsMrI,he,avior,תאונת אופנוע וטרקטורון Motorcycle And ATV Accident 12/8/16,rejected,too_short_for_release_depth; no_chapters_or_captions_for_content_evidence
MUS50DTNBgI,https://www.youtube.com/watch?v=MUS50DTNBgI,he,dark zedd,היגוי הפוך,rejected,no_chapters_or_captions_for_content_evidence
Y9D-PPxI-jo,https://www.youtube.com/watch?v=Y9D-PPxI-jo,he,freesbe מטרו,מבחן בטיחות וסקירה למיגון מתנפח אפוד מתנפח ותיק גב מתנפח של חברת MOTOAIRBAG האיטלקית,rejected,description_missing; no_chapters_or_captions_for_content_evidence; title_indicates_non_instructional_or_promotional_content
_jfkeh4b2ks,https://www.youtube.com/watch?v=_jfkeh4b2ks,he,אתר מידרג,שרשרת לאופנוע - טיפים והמלצות לשימון וכיוון שרשרת,rejected,caption_tracks=1
tG3Z2jqkjcU,https://www.youtube.com/watch?v=tG3Z2jqkjcU,he,בית ספר לנהיגה נתיבים,מה זה מבחן שליטה לאופנוע? | בית ספר לנהיגה נתיבים,rejected,too_short_for_release_depth; description_missing; no_chapters_or_captions_for_content_evidence; title_indicates_non_instructional_or_promotional_content
g8LTT8UBvmE,https://www.youtube.com/watch?v=g8LTT8UBvmE,he,הרשות הלאומית לבטיחות בדרכים,איך מנפיקים לוחית רישוי לקורקינט חשמלי ואופניים חשמליים? | רישום והתקנת לוחית זיהוי על כלי חשמלי,rejected,too_short_for_release_depth
7OQxC1D0cdY,https://www.youtube.com/watch?v=7OQxC1D0cdY,he,כרמל תחבורה 2005 בע״מ,טיפים לפני טסט אופנוע - כרמל תחבורה,rejected,no_chapters_or_captions_for_content_evidence; title_indicates_non_instructional_or_promotional_content
DSbsGr1txnU,https://www.youtube.com/watch?v=DSbsGr1txnU,he,משה טיולי שטח Moto Tours,מתחילים במדבר- רכיבה למתחילים #7,rejected,caption_tracks=157
gasnoxJav_U,https://www.youtube.com/watch?v=gasnoxJav_U,he,משה פרחי - רכיבה מתקדמת,משה פרחי ממליץ: רכיבה בתקופת הסתיו והחורף,rejected,no_chapters_or_captions_for_content_evidence
0gCrcRz7dd0,https://www.youtube.com/watch?v=0gCrcRz7dd0,he,ProRiding Israel,ביטוח לאופנועים ולרוכבים - כפיר לוין מפרוריידינג מסביר,rejected,no_chapters_or_captions_for_content_evidence
aQE9gcT-g1k,https://www.youtube.com/watch?v=aQE9gcT-g1k,he,Cohen Adventure (‫צביקה כהן השטח‬‎),עליית מדרגה ברכיבה,rejected,no_chapters_or_captions_for_content_evidence
QK2DiSGr6N4,https://www.youtube.com/watch?v=QK2DiSGr6N4,,MOTO-SHER,הדרכת בלימה והיגוי (יוסי),rejected,unsupported_declared_language=pt; description_missing
Gv0K-5MbFlM,https://www.youtube.com/watch?v=Gv0K-5MbFlM,en,Aires Communication,CFMoto 1000MT X 2026 🏍️,rejected,caption_tracks=157
W4n81NgcRDg,https://www.youtube.com/watch?v=W4n81NgcRDg,he,Ask Ralbad,ASK Ralbad | איך לבצע היגוי נגדי באופנוע?,rejected,too_short_for_release_depth
ocnwJzDRxY8,https://www.youtube.com/watch?v=ocnwJzDRxY8,,Daniel Zino,שמיניות 8️⃣,rejected,language_not_verifiable_as_he_or_en; too_short_for_release_depth; description_missing; no_chapters_or_captions_for_content_evidence
0sfdui8MXUA,https://www.youtube.com/watch?v=0sfdui8MXUA,he,FullgaZ Magazine,רכיבה ראשונה על אופנועי האנדורו של גאס גאס,rejected,no_chapters_or_captions_for_content_evidence; title_indicates_non_instructional_or_promotional_content
nCfu6Iq4BmU,https://www.youtube.com/watch?v=nCfu6Iq4BmU,he,Ilan Levi,"לרדת את מעלה יבנאל עם אופנוע, סוכות 2022",rejected,description_missing; no_chapters_or_captions_for_content_evidence
GMSLY97QQIc,https://www.youtube.com/watch?v=GMSLY97QQIc,en,Jay Jankulovski,I Took a Motorcycle on Germany’s Autobahn…,rejected,youtube_chapters=12; caption_tracks=157; marketing_signal_present
zj_89qfRSkw,https://www.youtube.com/watch?v=zj_89qfRSkw,he,Moto Lamed,! רכיבה מתקדמת! כל מה שרציתם לדעת על קורס רכיבה מתקדמת,rejected,no_chapters_or_captions_for_content_evidence
8sbwt5W14kM,https://www.youtube.com/watch?v=8sbwt5W14kM,en,Motorcycle Training Concepts,5 U-Turn Drills Every Rider Should Practice,rejected,caption_tracks=157; professional_source_signal; marketing_signal_present
gNlX7HTbKlk,https://www.youtube.com/watch?v=gNlX7HTbKlk,he,ProRiding Israel,פרוריידינג - הדרכות רכיבה לכולם!,rejected,too_short_for_release_depth
txzv1gyFlC0,https://www.youtube.com/watch?v=txzv1gyFlC0,,Roee Ran,עליות 4,rejected,language_not_verifiable_as_he_or_en; too_short_for_release_depth; no_chapters_or_captions_for_content_evidence
3rNBxtj8AkE,https://www.youtube.com/watch?v=3rNBxtj8AkE,he,SM26,SM26 - מיגון שווה לתחת!,rejected,no_chapters_or_captions_for_content_evidence
4D4VppOghj4,https://www.youtube.com/watch?v=4D4VppOghj4,he,Shimron Shimron,היחידי שיודע.....,rejected,caption_tracks=157
-va4-vGZW_I,https://www.youtube.com/watch?v=-va4-vGZW_I,he,Udi Levy,א.ש חילוץ אופנועים  058-4420044 052-2645155,rejected,caption_tracks=157
VEXqJUg5JCA,https://www.youtube.com/watch?v=VEXqJUg5JCA,he,mailsgolan,שימון שרשרת באופנוע עם ג'ק צד בלבד,rejected,caption_tracks=157
oBLdnYmRB_I,https://www.youtube.com/watch?v=oBLdnYmRB_I,he,nivmoto,ניב אופנועים - טיפים אודות הווריאטור,rejected,caption_tracks=157
PbTz44_i8YE,https://www.youtube.com/watch?v=PbTz44_i8YE,he,אתר מידרג,פנצ'ר באופנוע - איך מתקנים פנצ'ר באופנוע וכמה זה עולה?,rejected,caption_tracks=1
PMeQb643xoI,https://www.youtube.com/watch?v=PMeQb643xoI,he,טל סנדרוני,אנדורו ביערות הכרמל - אופנועי שטח בבוץ,rejected,no_chapters_or_captions_for_content_evidence
IzNT9otV2IA,https://www.youtube.com/watch?v=IzNT9otV2IA,he,לילך תיאוריה,דרך עירונית מכונית סוטה לנתיב שלך ואופנוע מזגזג,rejected,too_short_for_release_depth; description_missing; no_chapters_or_captions_for_content_evidence
PRJsYOQzjkc,https://www.youtube.com/watch?v=PRJsYOQzjkc,he,Ben S. (bflance),מערב לתוך הלילה: רכיבת אדוונצ'ר לילית בהרי ירושלים,rejected,too_long_for_focused_guide_entry
gwmUFFHxXyo,https://www.youtube.com/watch?v=gwmUFFHxXyo,he,Ben S. (bflance),רכיבת שטח לא למתחילים!!! אבל אני רוכב מתחיל - אל תנסו את זה בבית. היה קשוח!,rejected,youtube_chapters=2; caption_tracks=157
nhoA99EcMEM,https://www.youtube.com/watch?v=nhoA99EcMEM,he,David Beloosesky,החלפת פנימית 3,rejected,too_short_for_release_depth; description_missing
PYeiGbg6_bU,https://www.youtube.com/watch?v=PYeiGbg6_bU,he,FullgaZ Magazine,מדריך טכני: החלפת צמיג ומוס באופנוע שטח,rejected,no_chapters_or_captions_for_content_evidence
grPjYTqfBKY,https://www.youtube.com/watch?v=grPjYTqfBKY,he,FullgaZ Magazine,מסע אופנועים לפסגות ההימלאיה,rejected,title_indicates_non_instructional_or_promotional_content
KjJ1idYZPdI,https://www.youtube.com/watch?v=KjJ1idYZPdI,,Old Man's Ride and Car Motorcycle Garage,איך רוכבים חכמים באמת נשארים קרירים על אופנוע – לא מה שחשבתם,rejected,source_not_active_public; source_unavailable; duration_missing; description_missing; no_chapters_or_captions_for_content_evidence
qoXVrpFVP10,https://www.youtube.com/watch?v=qoXVrpFVP10,he,Raanan Tzemach,היגוי הפוך הדגמה והסבר,rejected,caption_tracks=157
7DDyMbbmYUo,https://www.youtube.com/watch?v=7DDyMbbmYUo,he,"Ron Izraelly - Driving, riding, racing !",הדרכת רכיבת חולות עם זיו כרמי -  Ktm 990 Adv. Ktm 890 rally - HD - GoPro9,rejected,no_chapters_or_captions_for_content_evidence
odXtBADnmpQ,https://www.youtube.com/watch?v=odXtBADnmpQ,he,Tal Amir - טל עמיר,חוצה ישראל אדוונצ'ר 2020   מלא,rejected,no_chapters_or_captions_for_content_evidence
VqfGdbhAWJ4,https://www.youtube.com/watch?v=VqfGdbhAWJ4,en,The Motorcycle Brain,9 Motorcycle Fears You Should'nt Worry About (Pro Tips),rejected,caption_tracks=157; professional_source_signal
hJE4in5KRv0,https://www.youtube.com/watch?v=hJE4in5KRv0,he,Two wheels life,ילדים חסרי שכל על אופניים חשמליים בתל אביב,rejected,too_short_for_release_depth; description_missing; no_chapters_or_captions_for_content_evidence
8fmsajHZLKk,https://www.youtube.com/watch?v=8fmsajHZLKk,en,Wanderlust Revs,I Took a KTM Duke 200 Off Road Where Only Adventure Bikes Should Go,rejected,caption_tracks=157
TJwQtibtuAo,https://www.youtube.com/watch?v=TJwQtibtuAo,en,דוד כהן,זיו תקוע בבוץ,rejected,description_missing
wMtkexgMuhQ,https://www.youtube.com/watch?v=wMtkexgMuhQ,he,Versys 300 - Israel,מתיחת שרשרת באופנוע - ורסיס 300,rejected,no_chapters_or_captions_for_content_evidence
18Sp8mi_91w,https://www.youtube.com/watch?v=18Sp8mi_91w,he,חלצ יחידות החילוץ,טיפול ברוכב אופנוע שהתהפך בנחל משק,rejected,too_short_for_release_depth; no_chapters_or_captions_for_content_evidence
X1fhTu0_Z_A,https://www.youtube.com/watch?v=X1fhTu0_Z_A,he,טל סנדרוני,הארד אנדורו חובבנים - יערות מנשה ונחל גחר - תקציר,rejected,no_chapters_or_captions_for_content_evidence
4IFh2sVDKak,https://www.youtube.com/watch?v=4IFh2sVDKak,he,לד סטאר ישראל LED STAR ISRAEL,"ווסט מתנפח כרית אויר לאופנוע כרית אויר,Airbag for sport motorcycle",rejected,too_short_for_release_depth; no_chapters_or_captions_for_content_evidence
JYJnIDwEFdg,https://www.youtube.com/watch?v=JYJnIDwEFdg,he,מומנט אופנועים - מקצוענות מעל הכל,בדיקות חורף | הכנה של האופנוע והקטנוע לחורף | מומנט אופנועים - ירושלים,rejected,no_chapters_or_captions_for_content_evidence
ZwbIqpipFrY,https://www.youtube.com/watch?v=ZwbIqpipFrY,he,משה טיולי שטח Moto Tours,טבק אום קוניץ - רכיבת אופנועים,rejected,caption_tracks=157
It3Xes7g6h0,https://www.youtube.com/watch?v=It3Xes7g6h0,he,Moto Lamed,רכיבה מתקדמת - רכיבה נכונה על אופנוע.👍❗♨️👊,rejected,no_chapters_or_captions_for_content_evidence
rEyP9Nxhcz0,https://www.youtube.com/watch?v=rEyP9Nxhcz0,en,ADV Brett,2022 Africa Twin Adventure Sports DCT | Best TFT Rider Modes for Road & Off-Road,rejected,youtube_chapters=4; marketing_signal_present
7As5eL1WE0A,https://www.youtube.com/watch?v=7As5eL1WE0A,he,ADV Moto Life,הדרכות מתקדמים ומתחילים עם פול טארס בישראל,rejected,caption_tracks=157; professional_source_signal
bzH5217CRrw,https://www.youtube.com/watch?v=bzH5217CRrw,en,All Terrain Rescue,🇨🇦 7 Off Road Recoveries = 1 LONG Day!,rejected,too_long_for_focused_guide_entry
HM7mDohvCZo,https://www.youtube.com/watch?v=HM7mDohvCZo,he,Cohen Adventure (‫צביקה כהן השטח‬‎),לימוד רכיבת שטח בעלייה עם דרדרת,rejected,no_chapters_or_captions_for_content_evidence
S5aNlHjthLA,https://www.youtube.com/watch?v=S5aNlHjthLA,he,Cohen Adventure (‫צביקה כהן השטח‬‎),בהרכבה על אופנוע,rejected,no_chapters_or_captions_for_content_evidence
CtmDIae-5VA,https://www.youtube.com/watch?v=CtmDIae-5VA,he,Kafri Drive,הספיידר של קאן אם - הדרכה על הכלי שמאפשר ביוון חופש של אופנוע עם יציבות של רכב,rejected,no_chapters_or_captions_for_content_evidence
D4SOuVoTs_w,https://www.youtube.com/watch?v=D4SOuVoTs_w,he,MyVlogs,אופנוע נוסע באדום מלא,rejected,too_short_for_release_depth; no_chapters_or_captions_for_content_evidence
53xQjJt1wT0,https://www.youtube.com/watch?v=53xQjJt1wT0,he,OfnoanMeuman,אומנות הרכיבה בתנועה,rejected,too_short_for_release_depth; no_chapters_or_captions_for_content_evidence
oufydNNDnHc,https://www.youtube.com/watch?v=oufydNNDnHc,he,OfnoanMeuman,מישל דור ל-YNET: כך תבחרו מעיל רכיבה,rejected,no_chapters_or_captions_for_content_evidence
8hXE2Ioe_OU,https://www.youtube.com/watch?v=8hXE2Ioe_OU,en,Prorider Central Texas YouTube,Turning From Stop On Motorcycle- Checkout This Quick Tip That Will Help,rejected,youtube_chapters=5; caption_tracks=157; marketing_signal_present
C15aY42oF48,https://www.youtube.com/watch?v=C15aY42oF48,en,Rx Safety Videos,Stop Getting Blinded by LEDs! Halo Night Lenses for Motorcycle Riders,rejected,caption_tracks=157; professional_source_signal; marketing_signal_present
XlwSz_axo3w,https://www.youtube.com/watch?v=XlwSz_axo3w,en,Urban Dingo,Avoid Throttle Wrist Fatigue & Pain - Ride With A Neutral Wrist Posture | Ryker Quick Tip,rejected,caption_tracks=157
3br6DFFMmus,https://www.youtube.com/watch?v=3br6DFFMmus,he,gsfrel,תיקון פנצ'ר זריז בעזרת ערכת תולעים,rejected,no_chapters_or_captions_for_content_evidence
Y-iQN0LyfhY,https://www.youtube.com/watch?v=Y-iQN0LyfhY,he,kRuvi,"רכיבת אופנועי שטח בבן שמן אחרי הגשם - נדב, שחר, אייל, יפתח, אלמוג וכרובי 21.12.18",rejected,caption_tracks=157
mDB7ufrj2uQ,https://www.youtube.com/watch?v=mDB7ufrj2uQ,he,kRuvi,שלומי הוא אחמד תמימי (כתוביות) - רכיבה באזור לטרון 11.1.2020,rejected,too_short_for_release_depth
sHmR-Kgrxuo,https://www.youtube.com/watch?v=sHmR-Kgrxuo,he,kRuvi,רכיבת אופנועי שטח בהשוואה לרכיבת אופניים חשמליים - סינגל פארק קנדה  23.1.22,rejected,no_chapters_or_captions_for_content_evidence
Pe_aDITq8EU,https://www.youtube.com/watch?v=Pe_aDITq8EU,he,udiarie74,רכיבת אופנועים HD - קו 400 תל חדיד והסביבה אודי אריה 04-2021,rejected,no_chapters_or_captions_for_content_evidence
57S1wjhs8n8,https://www.youtube.com/watch?v=57S1wjhs8n8,he,אוטוקאר ישראל,ברוש חליפות לרוכבי אופנועים המשולבים בבד קבלר,rejected,caption_tracks=157
4hZ5YBJ0C0c,https://www.youtube.com/watch?v=4hZ5YBJ0C0c,he,בית ספר טל המרכז ללימודי נהיגה,טל המרכז ללימודי נהיגה - מסלול טסט בגוף ראשון,rejected,no_chapters_or_captions_for_content_evidence; title_indicates_non_instructional_or_promotional_content
DVngokVtEQM,https://www.youtube.com/watch?v=DVngokVtEQM,he,הרשות הלאומית לבטיחות בדרכים,הדרכה על רכיבה בטוחה באופניים חשמליים,rejected,no_chapters_or_captions_for_content_evidence
HtNDIWDgOlg,https://www.youtube.com/watch?v=HtNDIWDgOlg,he,משה טיולי שטח Moto Tours,טיול אופנועים - בורות לוץ-הר כרכום-הקניון הלבן-נחל ערוד,rejected,no_chapters_or_captions_for_content_evidence; title_indicates_non_instructional_or_promotional_content
rJR7AXXQKYg,https://www.youtube.com/watch?v=rJR7AXXQKYg,he,‫קובי ברדה (‪Oko israel‬‏)‬‎,חומר למניעת פנצ'רים oko israel לאופנוע אפריקה טווין + שטח,rejected,no_chapters_or_captions_for_content_evidence
dwsml9_0Ol8,https://www.youtube.com/watch?v=dwsml9_0Ol8,he,nivmoto,ניב אופנועים - טיפים לבדיקת שרשרת באופנוע,rejected,caption_tracks=157
DnvV26YgifU,https://www.youtube.com/watch?v=DnvV26YgifU,he,ADV Moto Life,אדוונצ'רים מתחילים בשטח- מרמות מנשה לעין הנציב,rejected,no_chapters_or_captions_for_content_evidence
_G0C8nEi5Yg,https://www.youtube.com/watch?v=_G0C8nEi5Yg,he,FOX HEAD Israel,מגפי רכיבה לשטח,rejected,caption_tracks=157
KIJHBp_S3hA,https://www.youtube.com/watch?v=KIJHBp_S3hA,he,Michael Duadi,כמעט ונפגע עם אופנוע - כביש החוף Motorcycle Near Miss,rejected,too_short_for_release_depth; description_missing; no_chapters_or_captions_for_content_evidence; title_indicates_non_instructional_or_promotional_content
TQF0zU_isr0,https://www.youtube.com/watch?v=TQF0zU_isr0,en,Motorcycle Talks,STOP FEEDING FEAR-Here's WHY,rejected,caption_tracks=157; professional_source_signal
evc423OwTpY,https://www.youtube.com/watch?v=evc423OwTpY,en,Old Man's Ride,12 Etiquette Rules ALL New Riders Must Follow,rejected,caption_tracks=157
aYu9oGc76vU,https://www.youtube.com/watch?v=aYu9oGc76vU,he,ProRiding Israel,טיפ: איך לבחור מעיל רכיבה לרוכבי אופנועים וקטנועים,rejected,no_chapters_or_captions_for_content_evidence
6tCcmH9Zshs,https://www.youtube.com/watch?v=6tCcmH9Zshs,he,Tal Etzion EXTREME,ביצועים של אופנוע ספורט? אפריליה טוארג 660 אדוונצ'ר ראלי לחובבי גז,rejected,description_missing
zVwqHCG4RA4,https://www.youtube.com/watch?v=zVwqHCG4RA4,en,The Girl On A Bike,The Split-Second Mistake...I hit him 🤬 (Husqvarna 501 Enduro),rejected,youtube_chapters=6; caption_tracks=157; marketing_signal_present
FDn6vFmc634,https://www.youtube.com/watch?v=FDn6vFmc634,he,daniel life,אופנוע חשמלי שיכול לנסוע עם אופנועי בנזין בשטח הכי קשה במדינה?   רכיבה בקו 400 הארד אינדורו,rejected,no_chapters_or_captions_for_content_evidence
MqIxMyAUURM,https://www.youtube.com/watch?v=MqIxMyAUURM,en,kRuvi,רכיבת בוץ וסלעים חלקלקים 22.11.2020,rejected,caption_tracks=157
nlrKgPe-uA0,https://www.youtube.com/watch?v=nlrKgPe-uA0,he,kRuvi,16.4.21 עולים עליות ב-30 מעלות בתרום-תעוז,rejected,no_chapters_or_captions_for_content_evidence
JavR5-ox9sE,https://www.youtube.com/watch?v=JavR5-ox9sE,,koko-a A,מיגון גחון,rejected,language_not_verifiable_as_he_or_en; too_short_for_release_depth; description_missing; no_chapters_or_captions_for_content_evidence
KoSmeW5aF0k,https://www.youtube.com/watch?v=KoSmeW5aF0k,he,גלעד חורי,החלפת צמיג ידנית לאופנוע שטח מוס\פנימית.,rejected,no_chapters_or_captions_for_content_evidence
FPWLmoTf38c,https://www.youtube.com/watch?v=FPWLmoTf38c,he,הרשות הלאומית לבטיחות בדרכים,"""להוריד 50% מהנפגעים תוך 5 שנים"" | יו""ר הרלב""ד אבי נאור בראיון אצל ינון מגל ובן כספית (19.9.2022)",rejected,no_chapters_or_captions_for_content_evidence
QqvKa5-6l1w,https://www.youtube.com/watch?v=QqvKa5-6l1w,he,כל-בו שינוע גרר אופנוע ירושלים,חילוץ רכב פרטי מבוץ,rejected,no_chapters_or_captions_for_content_evidence
Nuw4iY8mXvI,https://www.youtube.com/watch?v=Nuw4iY8mXvI,he,משה טיולי שטח Moto Tours,מרזבה-ציר המעיינות-נקרות - טיול אופנועים בהובלת אודי לנדאו,rejected,description_missing; no_chapters_or_captions_for_content_evidence; title_indicates_non_instructional_or_promotional_content
Z3s3M9H2-0U,https://www.youtube.com/watch?v=Z3s3M9H2-0U,he,פוקס אנדורו - fox enduro,"פוקס אנדורו - הדרכות רכיבה, מדרגות - קובי חמד",rejected,no_chapters_or_captions_for_content_evidence
Wm62aTzuHPE,https://www.youtube.com/watch?v=Wm62aTzuHPE,he,שמנמנים ונהנים D:,Mt 07 | שיעור רישיון A בבאר שבע,rejected,no_chapters_or_captions_for_content_evidence; title_indicates_non_instructional_or_promotional_content
BHZ2mSbXkbw,https://www.youtube.com/watch?v=BHZ2mSbXkbw,he,ProRiding Israel,טיפ על צמיגי אופנוע - פרוריידינג,rejected,no_chapters_or_captions_for_content_evidence
wPQIXpF0bss,https://www.youtube.com/watch?v=wPQIXpF0bss,he,ADV Moto Life,אדוונצ'רים מתחילים בשטח- נחל אלכסנדר לגן שמואל,rejected,youtube_chapters=7
fY8SbzZHkiY,https://www.youtube.com/watch?v=fY8SbzZHkiY,en,AutoMvpGarage7,"2027 Honda Gold Wing – Next-Generation Luxury Touring Motorcycle with Flat-Six Power, DCT",rejected,caption_tracks=157
sA7eGpOHS88,https://www.youtube.com/watch?v=sA7eGpOHS88,he,"Doron Aviad: Enduro, MMA, Ski","אנדורו שטח משולבת סינגלים וסלעים , עליות נחמדות , אזור צומת נחשון והסביבה ,בהובלת דורון אביעד KTM450",rejected,no_chapters_or_captions_for_content_evidence
hnID7GWz-kU,https://www.youtube.com/watch?v=hnID7GWz-kU,he,Eran Yoran,טל דן - מנהלים על אופנועים מדברים עסקים - סרט הנושא,rejected,no_chapters_or_captions_for_content_evidence
IpYCg5-2_Js,https://www.youtube.com/watch?v=IpYCg5-2_Js,he,Kfir Kasharian,"אדוונצ'ר קשוח לשטח בפחות מ-40,000 ₪, אפשרי? בדקתי",rejected,caption_tracks=157
PDqHwp4m-OQ,https://www.youtube.com/watch?v=PDqHwp4m-OQ,en,MOTOTREK,EMERGENCY BRAKING from a Pro Instructor - Any Motorcycle / Harley Davidson Pan America,rejected,caption_tracks=157; professional_source_signal; marketing_signal_present
YB4tF7w2UyM,https://www.youtube.com/watch?v=YB4tF7w2UyM,he,Maticycles,איך לשרוד על הכביש עם אופנוע- התאמת האופנוע לרוכב,rejected,description_missing; no_chapters_or_captions_for_content_evidence
_PCgAy8kPkk,https://www.youtube.com/watch?v=_PCgAy8kPkk,en,Moto Central,Are Bull-it Motorcycle Jeans Actually Any Good? (Full Breakdown),rejected,no_chapters_or_captions_for_content_evidence
hHtIj3qYSp8,https://www.youtube.com/watch?v=hHtIj3qYSp8,he,Ran ben simhon,ילד קטן לבדו שמתקשה לחצות כביש סואן בסוקולוב כיוון שאף רכב לא עוצר לו - צילום: רוני שחר,rejected,too_short_for_release_depth; description_missing; no_chapters_or_captions_for_content_evidence
c2OaJDNTycQ,https://www.youtube.com/watch?v=c2OaJDNTycQ,en,Rolling Circus,Riding My Motorbike in the Rain! ( RollingCircus MotoVlog ),rejected,caption_tracks=157
X5JXZwGVSZg,https://www.youtube.com/watch?v=X5JXZwGVSZg,he,Wili  Adventure club,wili קיר 90 מעלות 2004.flv,rejected,too_short_for_release_depth; no_chapters_or_captions_for_content_evidence
vMM1giqAC5A,https://www.youtube.com/watch?v=vMM1giqAC5A,he,kRuvi,רכיבת אופנועי שטח בבן שמן אחרי הגשם 14.12.2012,rejected,description_missing; no_chapters_or_captions_for_content_evidence
7_FJkf_lzEQ,https://www.youtube.com/watch?v=7_FJkf_lzEQ,he,הלשכה המרכזית לסטטיסטיקה CBS Israel,כל הדרכים לבטיחות בדרכים - מנתונים למדיניות,rejected,too_long_for_focused_guide_entry; no_chapters_or_captions_for_content_evidence
Z-xbcfNuato,https://www.youtube.com/watch?v=Z-xbcfNuato,he,Versys 300 - Israel,בדיקת מתיחות וטווח שרשרת באופנוע,rejected,no_chapters_or_captions_for_content_evidence
O3hy800aBXY,https://www.youtube.com/watch?v=O3hy800aBXY,he,ידידים - סיוע בדרכים 1230,פנצ'ר באופנוע,rejected,no_chapters_or_captions_for_content_evidence
OH9bnjtdUN4,https://www.youtube.com/watch?v=OH9bnjtdUN4,he,יניב קרניאל,שיטה קלה לזיהוי סוג הכביש. חד סטרי/דו סיטרי,rejected,too_short_for_release_depth; description_missing; no_chapters_or_captions_for_content_evidence
-fkv0t3KcDk,https://www.youtube.com/watch?v=-fkv0t3KcDk,he,מומנט אופנועים - מקצוענות מעל הכל,החלפת משכך היגוי - אדוונצר 1090R | מומנט אופנועים- ירושלים,rejected,no_chapters_or_captions_for_content_evidence
SdSWQ5M7thw,https://www.youtube.com/watch?v=SdSWQ5M7thw,he,משה טיולי שטח Moto Tours,דרום בקעת הירדן - רכיבת אופנועים בהובלת שוקי גבזה 17032021,rejected,no_chapters_or_captions_for_content_evidence
NVDoe6MnAOs,https://www.youtube.com/watch?v=NVDoe6MnAOs,,ניק ג'וניור ישראל,מפרץ ההרפתקאות 🐾: ספיישל מוטו גורים | 85 דקות | ניק ג'וניור,rejected,source_not_active_public; source_unavailable; duration_missing; description_missing; no_chapters_or_captions_for_content_evidence
bAY-2OdpIus,https://www.youtube.com/watch?v=bAY-2OdpIus,he,ADV Moto Life,חרבות הברזל 2 חלק 2: חרבו דרבו במדבר,rejected,youtube_chapters=16; caption_tracks=157
QhNvb6h0XCg,https://www.youtube.com/watch?v=QhNvb6h0XCg,he,Moto Lamed,"איך לטפל בשרשרת, ומזה שרשרת בכלל",rejected,no_chapters_or_captions_for_content_evidence
NtLsIDFYv8M,https://www.youtube.com/watch?v=NtLsIDFYv8M,en,Motorcycle Adventure Dirtbike TV,"Epic 22,000km Adventure from London to Sydney |  Europe, Asia, and Australia | Full Movie Experience",rejected,youtube_chapters=22; caption_tracks=158
ndXwbuAnyuA,https://www.youtube.com/watch?v=ndXwbuAnyuA,he,Pkd Aerui,מדריך הוידאו לרוכב המתחיל - 45 שניות על מיקום נכון בנתיב #3,rejected,too_short_for_release_depth; no_chapters_or_captions_for_content_evidence
krn_-araUyo,https://www.youtube.com/watch?v=krn_-araUyo,en,Prorider Central Texas YouTube,"Motorcycle U-Turns Explained | Head Turns, Friction Zone & More",rejected,youtube_chapters=14; caption_tracks=157; marketing_signal_present
NJPYufQoJlQ,https://www.youtube.com/watch?v=NJPYufQoJlQ,he,Tal Amir - טל עמיר,נחל מתק אופנועי אדוונצ'ר חוצה ישראל אביב 22,rejected,description_missing; no_chapters_or_captions_for_content_evidence
QeSgniC_l-8,https://www.youtube.com/watch?v=QeSgniC_l-8,en,The Rice Rocketeer,Everything Finally Clicked Riding Through NYC | GSX-R600 POV,rejected,youtube_chapters=6; caption_tracks=157
esfd_JFw7nw,https://www.youtube.com/watch?v=esfd_JFw7nw,he,Yaniv Efraim,חילוץ שטח,rejected,too_short_for_release_depth
JGIyQ7_qPx4,https://www.youtube.com/watch?v=JGIyQ7_qPx4,,itsik biton,תרקומיא למתחילים,rejected,language_not_verifiable_as_he_or_en; no_chapters_or_captions_for_content_evidence
hFHVxw7JnYI,https://www.youtube.com/watch?v=hFHVxw7JnYI,he,kRuvi,רכיבת אופנועי אדוונצ'ר ודו שימושיים בבן שמן 21.7.2011,rejected,description_missing; no_chapters_or_captions_for_content_evidence
62CHqaZRcPk,https://www.youtube.com/watch?v=62CHqaZRcPk,he,ofermoto,עופר אופנועים  OFERMOTO החלפת צמיגים ובדיקת מיסבים.,rejected,caption_tracks=157
Zim8TwU7pJQ,https://www.youtube.com/watch?v=Zim8TwU7pJQ,he,tk ltd,"כיסוי לאופנוע, כיסוי לאופנוע שטח, MotoPark",rejected,too_short_for_release_depth; no_chapters_or_captions_for_content_evidence
GL46KQRi0lc,https://www.youtube.com/watch?v=GL46KQRi0lc,he,veredn10,ורד נוטמן - בלימת חירום בקורס נהיגה מתקדמת,rejected,too_short_for_release_depth; no_chapters_or_captions_for_content_evidence
Qk9yETprnKs,https://www.youtube.com/watch?v=Qk9yETprnKs,he,אגף זהב משרד החינוך,סכנות פוטנציאליות בדרך עירונית עורקית: הולכי רגל,rejected,too_short_for_release_depth; no_chapters_or_captions_for_content_evidence
wkMuKcBxMZQ,https://www.youtube.com/watch?v=wkMuKcBxMZQ,,באלס באלס,הרמת גלגל  2016 חולים בראש,rejected,language_not_verifiable_as_he_or_en; no_chapters_or_captions_for_content_evidence
_5DhIlXKgpA,https://www.youtube.com/watch?v=_5DhIlXKgpA,he,הרשות הלאומית לבטיחות בדרכים,בית הספר של החיים | ילד עד גיל 9 לא חוצה כביש לבד,rejected,too_short_for_release_depth; no_chapters_or_captions_for_content_evidence
ia8i3fLlrUg,https://www.youtube.com/watch?v=ia8i3fLlrUg,he,כאן 11 - תאגיד השידור הישראלי,חדשות השבת - המכורים לאופנועי שטח | כאן 11 לשעבר רשות השידור,rejected,title_indicates_non_instructional_or_promotional_content
uOxOWYnhssY,https://www.youtube.com/watch?v=uOxOWYnhssY,he,מוטו רנט,מוטורנט השכרת אופנועים ורייזרים באילת,rejected,no_chapters_or_captions_for_content_evidence
w9bHxeTqVFA,https://www.youtube.com/watch?v=w9bHxeTqVFA,he,משה טיולי שטח Moto Tours,טיול אופנועים לרמת הגולן 8/5/20,rejected,title_indicates_non_instructional_or_promotional_content
xvCHx_ZnOvA,https://www.youtube.com/watch?v=xvCHx_ZnOvA,he,משה טיולי שטח Moto Tours,Georgia by adventure motorcycle - TET - July 2023,rejected,no_chapters_or_captions_for_content_evidence
bm1Xynt0QuE,https://www.youtube.com/watch?v=bm1Xynt0QuE,en,MotoJitsu®,The SECRET To ALL Low Speed Confidence,rejected,caption_tracks=157; professional_source_signal; marketing_signal_present
-C_h7PlxPqA,https://www.youtube.com/watch?v=-C_h7PlxPqA,en,Motolyzed,How to ride a motorcycle down a steep hill - dealing with hairpins,rejected,caption_tracks=157
Au2aBqAEsJQ,https://www.youtube.com/watch?v=Au2aBqAEsJQ,en,CycleCruza,TOP 5 Defensive Motorcycle Riding Tips | MotoVlog,rejected,youtube_chapters=4; caption_tracks=157; marketing_signal_present
kPB_jYKJ5Wg,https://www.youtube.com/watch?v=kPB_jYKJ5Wg,en,DanDanTheFireman,Why & How To Swerve On Your Motorcycle / Motorcycle Training Concepts,rejected,caption_tracks=157; professional_source_signal; marketing_signal_present
uXkKS8z0nSI,https://www.youtube.com/watch?v=uXkKS8z0nSI,en,DanDanTheFireman,1 Simple Tip To Make Night Riding Safer,rejected,caption_tracks=157; professional_source_signal; marketing_signal_present
aMdKYH8D0OI,https://www.youtube.com/watch?v=aMdKYH8D0OI,en,Dino's Vault,3 Ways to Pick Up a Fallen Heavy Adv Motorcycle BMW 1250GS 850GS,rejected,no_chapters_or_captions_for_content_evidence
AjfrZqkDXnA,https://www.youtube.com/watch?v=AjfrZqkDXnA,en,FortNine,"Before You Ride - A Quick, Effective Motorcycle Safety Check",rejected,youtube_chapters=5; caption_tracks=157; marketing_signal_present
QrdzBXxa7e0,https://www.youtube.com/watch?v=QrdzBXxa7e0,en,MOTOTREK,How to ADJUST SAG - Works on All Bikes - Adventure Motorcycle Suspension Part 3,rejected,youtube_chapters=6; caption_tracks=157; professional_source_signal; marketing_signal_present
HEyQdEvIxes,https://www.youtube.com/watch?v=HEyQdEvIxes,en,MotoJitsu®,Trail Braking EXPLAINED 3 Levels Of Difficulty,rejected,caption_tracks=157; professional_source_signal; marketing_signal_present
xNvdB6pMdx0,https://www.youtube.com/watch?v=xNvdB6pMdx0,en,MotoJitsu®,ONE FINGER Counter Steering Demonstration,rejected,caption_tracks=157; professional_source_signal; marketing_signal_present
I9SeHb6U1OQ,https://www.youtube.com/watch?v=I9SeHb6U1OQ,en,Motorcyclist Magazine,What Is The Best Adventure Motorcycle Tire Pressure? | MC Garage,rejected,youtube_chapters=9; caption_tracks=157; marketing_signal_present
ToeaB1SpH2s,https://www.youtube.com/watch?v=ToeaB1SpH2s,en,Motorcyclist Magazine,How To Repair A Motorcycle Flat Tire On The Trail | MC Garage,rejected,youtube_chapters=5; caption_tracks=157; marketing_signal_present
QN_0qXI5wAs,https://www.youtube.com/watch?v=QN_0qXI5wAs,en,Ride Like a Pro Jerry Palladino,Motorcycle two-up riding tips,rejected,caption_tracks=157
mRqqe3QqGZw,https://www.youtube.com/watch?v=mRqqe3QqGZw,en,The Ride with Roland,How To Ride Your Motorcycle SAFE in the RAIN (and Comfortable),rejected,youtube_chapters=9; caption_tracks=157; marketing_signal_present
tJ5KGSjC78E,https://www.youtube.com/watch?v=tJ5KGSjC78E,en,Yammie Noob,How to Ride a Motorcycle with a Passenger,rejected,youtube_chapters=8; caption_tracks=157; marketing_signal_present
WagYFdREzpE,https://www.youtube.com/watch?v=WagYFdREzpE,,ADVMotoSkillZ,U-Turns On An Adventure Motorcycle - Competition Training Review Plus BONUS Sand Turns Footage,rejected,unsupported_declared_language=ja; title_indicates_non_instructional_or_promotional_content
NwgFDN5DYqQ,https://www.youtube.com/watch?v=NwgFDN5DYqQ,en,Brake Magazine,Tips for Setting Up Adventure Bike Suspension w/ Lyndon Poskitt,rejected,caption_tracks=157; marketing_signal_present
aWU0owE8T8w,https://www.youtube.com/watch?v=aWU0owE8T8w,en,Bret Tkacs ADV,ADV Motorcycle control set up (ergonomics),rejected,youtube_chapters=6; caption_tracks=157; marketing_signal_present
HuRgUAI0UIg,https://www.youtube.com/watch?v=HuRgUAI0UIg,en,Martin Dixon,Advanced Motorcycle Riding - Shoulder Check / Life Saver,rejected,no_chapters_or_captions_for_content_evidence
vyzJUx4AJDo,https://www.youtube.com/watch?v=vyzJUx4AJDo,en,MaxRiderUk,Max Rider - Overtaking Woes,rejected,caption_tracks=157
3DJm0UUyRvc,https://www.youtube.com/watch?v=3DJm0UUyRvc,en,MotoJitsu®,Downhill Corner Confidence in 15 Minutes,rejected,caption_tracks=157; professional_source_signal; marketing_signal_present
mg8s-aNQFts,https://www.youtube.com/watch?v=mg8s-aNQFts,en,Prorider Central Texas YouTube,Master Traffic On Your Motorcycle With S.I.P.D.E: Pro Riding Tips!,rejected,youtube_chapters=3; marketing_signal_present
GJTbVEFaTqE,https://www.youtube.com/watch?v=GJTbVEFaTqE,en,ViaTerra Gear,Stop Overpacking! The Ultimate Motorcycle Touring Packing Guide You Didn’t Know You Needed,rejected,caption_tracks=157
FtbWGcyEEwo,https://www.youtube.com/watch?v=FtbWGcyEEwo,en,Yammie Noob,This Magic Motorcycle Technique SOLVES your Slow Speed Problem,rejected,youtube_chapters=5; caption_tracks=157; marketing_signal_present
rvCArNm_9yg,https://www.youtube.com/watch?v=rvCArNm_9yg,en,MotoJitsu®,The SECRET To Downhill Confidence,rejected,caption_tracks=157; professional_source_signal; marketing_signal_present
B84xMAQ5lo0,https://www.youtube.com/watch?v=B84xMAQ5lo0,en,ADVMotoSkillZ,Wheel Motorcycle Agility Course For Turning and Cornering Practice,rejected,no_chapters_or_captions_for_content_evidence
cUmdJyb1gsM,https://www.youtube.com/watch?v=cUmdJyb1gsM,en,Andrew Hartsock,One Trick To Master Counter Steering On A Motorcycle,rejected,caption_tracks=157
kmH9kgIHQEA,https://www.youtube.com/watch?v=kmH9kgIHQEA,en,Doodle On A Motorcycle,The Weirdest U-Turn Trick No One Ever Taught You,rejected,caption_tracks=157; marketing_signal_present
L7W293FrzXo,https://www.youtube.com/watch?v=L7W293FrzXo,en,Fifth Wheel Street,Trailer Weight Distribution or Load Balance,rejected,too_short_for_release_depth; no_chapters_or_captions_for_content_evidence
sP2PNgnNgZQ,https://www.youtube.com/watch?v=sP2PNgnNgZQ,en,JRDAVIS3862,Motorcycle Safety - Carrying a Passenger,rejected,caption_tracks=157
KXVp6uAdg48,https://www.youtube.com/watch?v=KXVp6uAdg48,en,JohnMotoTV,Motorcycle Emergency Swerve Close Call,rejected,too_short_for_release_depth; no_chapters_or_captions_for_content_evidence
JKCcJzzL7yY,https://www.youtube.com/watch?v=JKCcJzzL7yY,en,Las Vegas Ranger Outdoors,ADV MOTO | *EASY* Flat Tire Inner Tube Repair |  ASMR,rejected,no_chapters_or_captions_for_content_evidence
WFNb6L6WBko,https://www.youtube.com/watch?v=WFNb6L6WBko,en,MCrider - Motorcycle Training,The Most Misunderstood Risk Factor in Motorcycle Crashes,rejected,caption_tracks=157; professional_source_signal; marketing_signal_present
k-vjGaWF-Cc,https://www.youtube.com/watch?v=k-vjGaWF-Cc,en,MXstore,Beginner's Guide to MX Protection | Dirt Bike Protection Series Episode 1,rejected,youtube_chapters=8; caption_tracks=157; marketing_signal_present
ZvyjzRZKZCI,https://www.youtube.com/watch?v=ZvyjzRZKZCI,en,Moto Control,Trail Braking Explained | Braking Mid-Corner,rejected,caption_tracks=157; professional_source_signal; marketing_signal_present
ZPnjRbMZ_pI,https://www.youtube.com/watch?v=ZPnjRbMZ_pI,en,MotoRides Australia,Learning ADV Riding - My first year getting into adventure riding,rejected,youtube_chapters=17; caption_tracks=1
C_c_Wi1l3Fg,https://www.youtube.com/watch?v=C_c_Wi1l3Fg,en,Motorcyclist Magazine,How To Lubricate Your Motorcycle Chain | MC Garage,rejected,youtube_chapters=5; caption_tracks=157; marketing_signal_present
XiaMAATj9TE,https://www.youtube.com/watch?v=XiaMAATj9TE,en,PetroHead,How to Ride a Motorcycle for Beginners (Complete Course) | Motorcycle Mastery Foundations,rejected,too_long_for_focused_guide_entry
DpqhSjSiF6c,https://www.youtube.com/watch?v=DpqhSjSiF6c,en,Prorider Central Texas YouTube,Eliminate Wobbling At Stops On Your Motorcycle - Say Goodbye To Bad Stops,rejected,youtube_chapters=3; caption_tracks=157; marketing_signal_present
S2scBN4YzsU,https://www.youtube.com/watch?v=S2scBN4YzsU,en,Prorider Central Texas YouTube,Slow Speed Motorcycle Skills / 3 Exercises To Improve Your Clutch Control,rejected,youtube_chapters=5; caption_tracks=157; marketing_signal_present
hPH9cuNby2E,https://www.youtube.com/watch?v=hPH9cuNby2E,en,RevZilla,Free Mods To Dial In Your Street Bike’s Ergonomics | The Shop Manual,rejected,caption_tracks=157; marketing_signal_present
i5nJE4RXrEs,https://www.youtube.com/watch?v=i5nJE4RXrEs,en,Ryan Urlacher,"The tricks to riding the ""Big O"" advanced motorcycle training pattern",rejected,caption_tracks=157; professional_source_signal; marketing_signal_present
Cu4WzkorWxk,https://www.youtube.com/watch?v=Cu4WzkorWxk,en,TheDesertsweeper,Walking the Honda Africa Twin Adventure Bike out of the sand when stuck,rejected,too_short_for_release_depth; no_chapters_or_captions_for_content_evidence
_pksFgZ-5wQ,https://www.youtube.com/watch?v=_pksFgZ-5wQ,en,Trev Deeley Motorcycles,Don't Ride Until You Check These | Motorcycle Pre-Ride Inspection,rejected,caption_tracks=157; professional_source_signal; marketing_signal_present
ul84p9MNqeM,https://www.youtube.com/watch?v=ul84p9MNqeM,en,MOTOTREK,LOFTING & JUMPING ADV Techniques / BMW R1250GS,rejected,youtube_chapters=9; caption_tracks=157; professional_source_signal; marketing_signal_present
SrbjkZgVueo,https://www.youtube.com/watch?v=SrbjkZgVueo,en,Adam Riemann,How to fix a flat tyre by yourself,rejected,caption_tracks=157; marketing_signal_present
iHz2GH6L7AY,https://www.youtube.com/watch?v=iHz2GH6L7AY,en,Brent Pearson,Mapping and Route Planning for Adventure Bike Riders - Part 1 of 4,rejected,caption_tracks=157
8YLfVt6q0jQ,https://www.youtube.com/watch?v=8YLfVt6q0jQ,en,Bret Tkacs ADV,Stuck in sand #shorts,rejected,too_short_for_release_depth
x94PGgYKHQ0,https://www.youtube.com/watch?v=x94PGgYKHQ0,en,FortNine,Invisibility Training for Motorcyclists,rejected,youtube_chapters=6; caption_tracks=157; marketing_signal_present
eTe7_ox-akQ,https://www.youtube.com/watch?v=eTe7_ox-akQ,en,Life at Lean,I analysed 127 crashes… Here’s how to avoid them all,rejected,caption_tracks=157; marketing_signal_present
BnOmE_PxAyw,https://www.youtube.com/watch?v=BnOmE_PxAyw,en,Moto Control,From Racing to Street: Trail Braking in Corners,rejected,caption_tracks=157; professional_source_signal; marketing_signal_present
_O0aEN-fN00,https://www.youtube.com/watch?v=_O0aEN-fN00,en,MotoJitsu®,Master The Art Of Swerving On A Motorcycle,rejected,caption_tracks=157; professional_source_signal; marketing_signal_present
AJ3haxjCRMU,https://www.youtube.com/watch?v=AJ3haxjCRMU,en,RSA Ireland,RSA Motorcycle Safety - Overtaking Same Direction,rejected,too_short_for_release_depth
C7m__YaaUlg,https://www.youtube.com/watch?v=C7m__YaaUlg,en,TwistedThrottle.com,"When to Oil, Clean, Adjust & Replace Your Motorcycle chain | TwistedThrottle.com",rejected,youtube_chapters=4; caption_tracks=157; marketing_signal_present
ldOUovP0Iyk,https://www.youtube.com/watch?v=ldOUovP0Iyk,en,Yammie Noob,Everything You NEED TO KNOW About Motorcycle Pants,rejected,youtube_chapters=4; caption_tracks=157; marketing_signal_present
0Ho6mmYaMeg,https://www.youtube.com/watch?v=0Ho6mmYaMeg,en,Bret Tkacs ADV,Adventure Motorcycle Off-Road Myths That Are Getting Riders Hurt,rejected,caption_tracks=157; marketing_signal_present
w3dEDoxZ-G4,https://www.youtube.com/watch?v=w3dEDoxZ-G4,en,Bret Tkacs ADV,How to ride ruts training (Drill: grinding),rejected,youtube_chapters=6; caption_tracks=157; marketing_signal_present
TFInRYIUqsw,https://www.youtube.com/watch?v=TFInRYIUqsw,en,Dork in the Road,My Approach to ADV Riding Gear Has COMPLETELY Changed,rejected,caption_tracks=157; marketing_signal_present
AIVWgEEmrds,https://www.youtube.com/watch?v=AIVWgEEmrds,en,First Looks,"Rider ""Passenger"" Safe Motorcycle Riding (Web Series)",rejected,caption_tracks=157
QIqesvakL-A,https://www.youtube.com/watch?v=QIqesvakL-A,en,Life at Lean,The FULL Motorcycle Body Position Guide (in under 8 minutes),rejected,youtube_chapters=6; caption_tracks=157; marketing_signal_present
2FBtAyobNTE,https://www.youtube.com/watch?v=2FBtAyobNTE,en,MCN - Motorcyclenews.com,Secrets of better riding | Overtaking | MCN and Bikertek advice,rejected,no_chapters_or_captions_for_content_evidence
_kli2A2U4c4,https://www.youtube.com/watch?v=_kli2A2U4c4,en,MOTOTREK,Riding DOWN Dirt & Gravel Hills is Easy - Quick Lesson / Harley Davidson Pan America,rejected,caption_tracks=157; professional_source_signal; marketing_signal_present
Yae3zq5RiFA,https://www.youtube.com/watch?v=Yae3zq5RiFA,en,Marko Rebernik,Motorcycle braking test performed by safety instructor,rejected,no_chapters_or_captions_for_content_evidence
2SFldfHlODg,https://www.youtube.com/watch?v=2SFldfHlODg,en,Moto Control,"Tight U-Turns are Easy, once you learn this Secret!",rejected,caption_tracks=157; professional_source_signal; marketing_signal_present
RBRrX-PO0Oc,https://www.youtube.com/watch?v=RBRrX-PO0Oc,en,Moto Control,STOP Crashing Bikes in Corners! // TRAIL Braking & THRESHOLD Braking in a Corner,rejected,caption_tracks=157; professional_source_signal; marketing_signal_present
J2xAlkOf8MI,https://www.youtube.com/watch?v=J2xAlkOf8MI,en,RevZilla,How To Tell If Your Motorcycle Chain Is Worn Out | The Shop Manual,rejected,youtube_chapters=7; caption_tracks=157; marketing_signal_present
TmFOfBT2UA4,https://www.youtube.com/watch?v=TmFOfBT2UA4,en,ADVMotoSkillZ,Adventure Motorcycle Line Selection with Pinwheel Agility Course,rejected,no_chapters_or_captions_for_content_evidence
Wvrgn5akOm4,https://www.youtube.com/watch?v=Wvrgn5akOm4,,ChampSchool,ChampTalk: Trail Braking,rejected,unsupported_declared_language=pt
lP5bF5zMaR4,https://www.youtube.com/watch?v=lP5bF5zMaR4,en,Elite Motorcycle & Driver Training,Motorcycle Lessons Joondalup test route how to pass roadcraft Elite motorcycle training,rejected,no_chapters_or_captions_for_content_evidence
gn17lwwS3aI,https://www.youtube.com/watch?v=gn17lwwS3aI,en,For The Love Of Wheels,How to change your rear tire on the road – even a very difficult one!,rejected,youtube_chapters=21; caption_tracks=157; marketing_signal_present
lr23aprBKd0,https://www.youtube.com/watch?v=lr23aprBKd0,en,Instructor Cory,Motorcycle Countersteering Made Simple: 9 Minute Tutorial,rejected,caption_tracks=157; professional_source_signal; marketing_signal_present
WzkINWfxUZs,https://www.youtube.com/watch?v=WzkINWfxUZs,en,MCN - Motorcyclenews.com,How to clean and lube your motorcycle chain,rejected,youtube_chapters=6
ADPuIU6-5PM,https://www.youtube.com/watch?v=ADPuIU6-5PM,en,Mick Jones,Advanced Training - Overtaking,rejected,too_short_for_release_depth; no_chapters_or_captions_for_content_evidence
66WzpmFXuLg,https://www.youtube.com/watch?v=66WzpmFXuLg,en,Motorcycle Adventures,Motorcycle Riding Habits That Make Riding Dangerous,rejected,caption_tracks=157; marketing_signal_present
XOnqgB0AkAI,https://www.youtube.com/watch?v=XOnqgB0AkAI,en,Prorider Central Texas YouTube,Master The Motorcycle Skills Test With These Easy Obstacle Swerve Tips,rejected,youtube_chapters=6; caption_tracks=157; marketing_signal_present
6j2j8mV0Bjc,https://www.youtube.com/watch?v=6j2j8mV0Bjc,en,RIDE Adventures,ADV 1 Training Course with RIDE Adventures,rejected,caption_tracks=157; professional_source_signal; marketing_signal_present
jkkKIyAJH_k,https://www.youtube.com/watch?v=jkkKIyAJH_k,en,ReverMoto,How to Navigate a Ride in REVER,rejected,caption_tracks=157
ZQ8F2O4zJ7c,https://www.youtube.com/watch?v=ZQ8F2O4zJ7c,en,Ride Your Adventure,how to not get stuck in sand.,rejected,too_short_for_release_depth; no_chapters_or_captions_for_content_evidence
Tu1OgaJdE9g,https://www.youtube.com/watch?v=Tu1OgaJdE9g,en,Sri7Yoga,CEMO 801 - Emergency Braking on a Curve - Instructor Explanation and Demonstration,rejected,no_chapters_or_captions_for_content_evidence
i9DSLkLXjMs,https://www.youtube.com/watch?v=i9DSLkLXjMs,en,Yammie Noob,7 ESSENTIAL Tips for Motorcycle Safety,rejected,youtube_chapters=11; caption_tracks=157; marketing_signal_present
tr1goMG9iXg,https://www.youtube.com/watch?v=tr1goMG9iXg,en,AntiPiloteDeLigneDroite - Maniabilité à Moto,"How to do u-turns and tight turns with a motorcycle: the no-hand exercise, doing U-turn and 360s :)",rejected,no_chapters_or_captions_for_content_evidence
VKdxtlSfWTk,https://www.youtube.com/watch?v=VKdxtlSfWTk,en,Bret Tkacs ADV,Selecting the correct tire pressure; How airing down motorcycle tires affects contact patch,rejected,caption_tracks=157; marketing_signal_present
BZibd_sKi0s,https://www.youtube.com/watch?v=BZibd_sKi0s,en,ChampSchool,Trail Braking Control,rejected,too_short_for_release_depth
_RyS9JOMSGk,https://www.youtube.com/watch?v=_RyS9JOMSGk,en,SoCal Off-Road School,ADV Off Road Braking| ALWAYS Use Front and Rear Brake,rejected,עוסק בבלימה בשטח אך לא ב־ABS; חופף לכיסוי קיים.
O_E3-zsDSDI,https://www.youtube.com/watch?v=O_E3-zsDSDI,en,Wings to Wheels,Think Twice before Switching OFF ABS when going Off-road,rejected,עוסק ב־ABS בשטח אך ללא כתוביות ידניות; המועמד המאושר מספק ראיות חזקות יותר.
NV-OpqoYizo,https://www.youtube.com/watch?v=NV-OpqoYizo,en,Raijin Racing,Why Do You Turn Off ABS When You Go OFF-ROAD?,rejected,עוסק ב־ABS בשטח אך ללא פרקים או כתוביות ידניות; המועמד המאושר מספק ראיות חזקות יותר.
6hgkx7ZScqY,https://www.youtube.com/watch?v=6hgkx7ZScqY,en,Cross Training Enduro,How to climb hills on dirt bikes ∣ Cross Training Enduro,rejected,בדיקת הקישורים הסופית החזירה HTTP 401 ו־YouTube oEmbed לא אישר את הסרטון; הרשומה הוסרה ולא הושאר קישור שאינו זמין.
M6d1cWB-4gY,https://www.youtube.com/watch?v=M6d1cWB-4gY,en,Cafe Racer New York City,Riding with a Passenger - Nobody Talks About This,rejected,בדיקת הקישורים הסופית החזירה HTTP 401 ו־YouTube oEmbed לא אישר את הסרטון; הרשומה הוסרה ולא הושאר קישור שאינו זמין.
