youtube_video_id,youtube_url,title_original,channel_name,language,topic,duration_seconds,evidence_score,chapter_count,caption_languages,professional_source_signal,contains_marketing_signal,decision,decision_reason_he
WhYwXyRsABA,https://www.youtube.com/watch?v=WhYwXyRsABA,בטיחות בהפעלת אופנוע ים, Ministry of Transport and Road Safety,he,water_crossing,1270,10,6,aa|ab|af|ak|am|ar|as|ay|az|ba|be|bg|bho|bn|bo|br|bs|ca|ceb|co|crs|cs|cy|da|de|dv|dz|ee|el|en|en-orig|eo|es|et|eu|fa|fi|fil|fj|fo|fr|fy|ga|gaa|gd|gl|gn|gu|gv|ha|haw|hi|hmn|hr|ht|hu|hy|id|ig|is|it|iu|iw|ja|jv|ka|kha|kk|kl|km|kn|ko|kri|ku|ky|la|lb|lg|ln|lo|lt|lua|luo|lv|mfe|mg|mi|mk|ml|mn|mr|ms|mt|my|ne|new|nl|no|nso|ny|oc|om|or|os|pa|pam|pl|ps|pt|pt-PT|qu|rn|ro|ru|rw|sa|sd|sg|si|sk|sl|sm|sn|so|sq|sr|ss|st|su|sv|sw|ta|te|tg|th|ti|tk|tn|to|tr|ts|tt|tum|ug|uk|ur|uz|ve|vi|war|wo|xh|yi|yo|zh|zh-CN|zh-Hans|zh-Hant|zu,True,False,reserve,חלופת איכות פעילה עם ראיות זמינות; תיכנס רק אם מועמד מאושר ייכשל בשער הסופי.
GnnNDtSXvlM,https://www.youtube.com/watch?v=GnnNDtSXvlM,הדרכת אופנועים חשמליים עם טים קולמן,ADV Moto Life,he,channel_seed,1247,8,0,aa|ab|af|ak|am|ar|as|ay|az|ba|be|bg|bho|bn|bo|br|bs|ca|ceb|co|crs|cs|cy|da|de|dv|dz|ee|el|en|eo|es|et|eu|fa|fi|fil|fj|fo|fr|fy|ga|gaa|gd|gl|gn|gu|gv|ha|haw|hi|hmn|hr|ht|hu|hy|id|ig|is|it|iu|iw|iw-orig|ja|jv|ka|kha|kk|kl|km|kn|ko|kri|ku|ky|la|lb|lg|ln|lo|lt|lua|luo|lv|mfe|mg|mi|mk|ml|mn|mr|ms|mt|my|ne|new|nl|no|nso|ny|oc|om|or|os|pa|pam|pl|ps|pt|pt-PT|qu|rn|ro|ru|rw|sa|sd|sg|si|sk|sl|sm|sn|so|sq|sr|ss|st|su|sv|sw|ta|te|tg|th|ti|tk|tn|to|tr|ts|tt|tum|ug|uk|ur|uz|ve|vi|war|wo|xh|yi|yo|zh-Hans|zh-Hant|zu,True,False,reserve,חלופת איכות פעילה עם ראיות זמינות; תיכנס רק אם מועמד מאושר ייכשל בשער הסופי.
JgcBkvlE6lo,https://www.youtube.com/watch?v=JgcBkvlE6lo,Should you brake while turning? Motorcycle riding tips,Bennetts BikeSocial,en,passenger,248,8,0,aa|ab|af|ak|am|ar|as|ay|az|ba|be|bg|bho|bn|bo|br|bs|ca|ceb|co|crs|cs|cy|da|de|dv|dz|ee|el|en|en-orig|eo|es|et|eu|fa|fi|fil|fj|fo|fr|fy|ga|gaa|gd|gl|gn|gu|gv|ha|haw|hi|hmn|hr|ht|hu|hy|id|ig|is|it|iu|iw|ja|jv|ka|kha|kk|kl|km|kn|ko|kri|ku|ky|la|lb|lg|ln|lo|lt|lua|luo|lv|mfe|mg|mi|mk|ml|mn|mr|ms|mt|my|ne|new|nl|no|nso|ny|oc|om|or|os|pa|pam|pl|ps|pt|pt-PT|qu|rn|ro|ru|rw|sa|sd|sg|si|sk|sl|sm|sn|so|sq|sr|ss|st|su|sv|sw|ta|te|tg|th|ti|tk|tn|to|tr|ts|tt|tum|ug|uk|ur|uz|ve|vi|war|wo|xh|yi|yo|zh-Hans|zh-Hant|zu,True,False,reserve,חלופת איכות פעילה עם ראיות זמינות; תיכנס רק אם מועמד מאושר ייכשל בשער הסופי.
5d96LXhQPxA,https://www.youtube.com/watch?v=5d96LXhQPxA,נושא הדרכות הרכיבה לאופנועים בכתבה של ערד ניר בערוץ 12,ProRiding Israel,he,safety_body,147,8,0,aa|ab|af|ak|am|ar|as|ay|az|ba|be|bg|bho|bn|bo|br|bs|ca|ceb|co|crs|cs|cy|da|de|dv|dz|ee|el|en|eo|es|et|eu|fa|fi|fil|fj|fo|fr|fy|ga|gaa|gd|gl|gn|gu|gv|ha|haw|hi|hmn|hr|ht|hu|hy|id|ig|is|it|iu|iw|iw-orig|ja|jv|ka|kha|kk|kl|km|kn|ko|kri|ku|ky|la|lb|lg|ln|lo|lt|lua|luo|lv|mfe|mg|mi|mk|ml|mn|mr|ms|mt|my|ne|new|nl|no|nso|ny|oc|om|or|os|pa|pam|pl|ps|pt|pt-PT|qu|rn|ro|ru|rw|sa|sd|sg|si|sk|sl|sm|sn|so|sq|sr|ss|st|su|sv|sw|ta|te|tg|th|ti|tk|tn|to|tr|ts|tt|tum|ug|uk|ur|uz|ve|vi|war|wo|xh|yi|yo|zh-Hans|zh-Hant|zu,True,False,reserve,חלופת איכות פעילה עם ראיות זמינות; תיכנס רק אם מועמד מאושר ייכשל בשער הסופי.
9z8wDFrSXP0,https://www.youtube.com/watch?v=9z8wDFrSXP0,How To Ride Water Crossings|Enduro Riding Tip,SoCal Off-Road School,en,water_crossing,132,8,0,aa|ab|af|ak|am|ar|as|ay|az|ba|be|bg|bho|bn|bo|br|bs|ca|ceb|co|crs|cs|cy|da|de|dv|dz|ee|el|en|en-orig|eo|es|et|eu|fa|fi|fil|fj|fo|fr|fy|ga|gaa|gd|gl|gn|gu|gv|ha|haw|hi|hmn|hr|ht|hu|hy|id|ig|is|it|iu|iw|ja|jv|ka|kha|kk|kl|km|kn|ko|kri|ku|ky|la|lb|lg|ln|lo|lt|lua|luo|lv|mfe|mg|mi|mk|ml|mn|mr|ms|mt|my|ne|new|nl|no|nso|ny|oc|om|or|os|pa|pam|pl|ps|pt|pt-PT|qu|rn|ro|ru|rw|sa|sd|sg|si|sk|sl|sm|sn|so|sq|sr|ss|st|su|sv|sw|ta|te|tg|th|ti|tk|tn|to|tr|ts|tt|tum|ug|uk|ur|uz|ve|vi|war|wo|xh|yi|yo|zh-Hans|zh-Hant|zu,True,False,reserve,חלופת איכות פעילה עם ראיות זמינות; תיכנס רק אם מועמד מאושר ייכשל בשער הסופי.
2m7GLGg0JXw,https://www.youtube.com/watch?v=2m7GLGg0JXw,STOP Setting Your Motorcycle Tire Pressure to 36 PSI – You're Destroying Your Bike!,Two Wheel Tips,en,tires,620,8,0,aa|ab|af|ak|am|ar|as|ay|az|ba|be|bg|bho|bn|bo|br|bs|ca|ceb|co|crs|cs|cy|da|de|dv|dz|ee|el|en|en-orig|eo|es|et|eu|fa|fi|fil|fj|fo|fr|fy|ga|gaa|gd|gl|gn|gu|gv|ha|haw|hi|hmn|hr|ht|hu|hy|id|ig|is|it|iu|iw|ja|jv|ka|kha|kk|kl|km|kn|ko|kri|ku|ky|la|lb|lg|ln|lo|lt|lua|luo|lv|mfe|mg|mi|mk|ml|mn|mr|ms|mt|my|ne|new|nl|no|nso|ny|oc|om|or|os|pa|pam|pl|ps|pt|pt-PT|qu|rn|ro|ru|rw|sa|sd|sg|si|sk|sl|sm|sn|so|sq|sr|ss|st|su|sv|sw|ta|te|tg|th|ti|tk|tn|to|tr|ts|tt|tum|ug|uk|ur|uz|ve|vi|war|wo|xh|yi|yo|zh-Hans|zh-Hant|zu,True,False,reserve,חלופת איכות פעילה עם ראיות זמינות; תיכנס רק אם מועמד מאושר ייכשל בשער הסופי.
yrVjS4BhQZI,https://www.youtube.com/watch?v=yrVjS4BhQZI,How A Weight Distribution Hitch Works,Weigh Safe,en,luggage,232,8,0,aa|ab|af|ak|am|ar|as|ay|az|ba|be|bg|bho|bn|bo|br|bs|ca|ceb|co|crs|cs|cy|da|de|dv|dz|ee|el|en|en-orig|eo|es|et|eu|fa|fi|fil|fj|fo|fr|fy|ga|gaa|gd|gl|gn|gu|gv|ha|haw|hi|hmn|hr|ht|hu|hy|id|ig|is|it|iu|iw|ja|jv|ka|kha|kk|kl|km|kn|ko|kri|ku|ky|la|lb|lg|ln|lo|lt|lua|luo|lv|mfe|mg|mi|mk|ml|mn|mr|ms|mt|my|ne|new|nl|no|nso|ny|oc|om|or|os|pa|pam|pl|ps|pt|pt-PT|qu|rn|ro|ru|rw|sa|sd|sg|si|sk|sl|sm|sn|so|sq|sr|ss|st|su|sv|sw|ta|te|tg|th|ti|tk|tn|to|tr|ts|tt|tum|ug|uk|ur|uz|ve|vi|war|wo|xh|yi|yo|zh-Hans|zh-Hant|zu,True,False,reserve,חלופת איכות פעילה עם ראיות זמינות; תיכנס רק אם מועמד מאושר ייכשל בשער הסופי.
jq6uhMRpcAk,https://www.youtube.com/watch?v=jq6uhMRpcAk,How To Do A SLOW & TIGHT U-Turn On ANY Motorcycle,DanDanTheFireman,en,u_turn,450,8,6,aa|ab|af|ak|am|ar|as|ay|az|ba|be|bg|bho|bn|bo|br|bs|ca|ceb|co|crs|cs|cy|da|de|dv|dz|ee|el|en|en-orig|eo|es|et|eu|fa|fi|fil|fj|fo|fr|fy|ga|gaa|gd|gl|gn|gu|gv|ha|haw|hi|hmn|hr|ht|hu|hy|id|ig|is|it|iu|iw|ja|jv|ka|kha|kk|kl|km|kn|ko|kri|ku|ky|la|lb|lg|ln|lo|lt|lua|luo|lv|mfe|mg|mi|mk|ml|mn|mr|ms|mt|my|ne|new|nl|no|nso|ny|oc|om|or|os|pa|pam|pl|ps|pt|pt-PT|qu|rn|ro|ru|rw|sa|sd|sg|si|sk|sl|sm|sn|so|sq|sr|ss|st|su|sv|sw|ta|te|tg|th|ti|tk|tn|to|tr|ts|tt|tum|ug|uk|ur|uz|ve|vi|war|wo|xh|yi|yo|zh-Hans|zh-Hant|zu,True,True,reserve,חלופת איכות פעילה עם ראיות זמינות; תיכנס רק אם מועמד מאושר ייכשל בשער הסופי.
HiOGAYOXN8U,https://www.youtube.com/watch?v=HiOGAYOXN8U,5 Life-Saving Habits for Motorcycle Riders,FortNine,en,night,633,8,3,aa|ab|af|ak|am|ar|as|ay|az|ba|be|bg|bho|bn|bo|br|bs|ca|ceb|co|crs|cs|cy|da|de|dv|dz|ee|el|en|en-orig|eo|es|et|eu|fa|fi|fil|fj|fo|fr|fy|ga|gaa|gd|gl|gn|gu|gv|ha|haw|hi|hmn|hr|ht|hu|hy|id|ig|is|it|iu|iw|ja|jv|ka|kha|kk|kl|km|kn|ko|kri|ku|ky|la|lb|lg|ln|lo|lt|lua|luo|lv|mfe|mg|mi|mk|ml|mn|mr|ms|mt|my|ne|new|nl|no|nso|ny|oc|om|or|os|pa|pam|pl|ps|pt|pt-PT|qu|rn|ro|ru|rw|sa|sd|sg|si|sk|sl|sm|sn|so|sq|sr|ss|st|su|sv|sw|ta|te|tg|th|ti|tk|tn|to|tr|ts|tt|tum|ug|uk|ur|uz|ve|vi|war|wo|xh|yi|yo|zh-Hans|zh-Hant|zu,True,True,reserve,חלופת איכות פעילה עם ראיות זמינות; תיכנס רק אם מועמד מאושר ייכשל בשער הסופי.
ifuG-DSWmoY,https://www.youtube.com/watch?v=ifuG-DSWmoY,BODY POSITION BASICS - How You Stand on the Bike Matters - Learn the Right Way / BMW R1250GSA,MOTOTREK,en,offroad_position,556,8,7,aa|ab|af|ak|am|ar|as|ay|az|ba|be|bg|bho|bn|bo|br|bs|ca|ceb|co|crs|cs|cy|da|de|dv|dz|ee|el|en|en-orig|eo|es|et|eu|fa|fi|fil|fj|fo|fr|fy|ga|gaa|gd|gl|gn|gu|gv|ha|haw|hi|hmn|hr|ht|hu|hy|id|ig|is|it|iu|iw|ja|jv|ka|kha|kk|kl|km|kn|ko|kri|ku|ky|la|lb|lg|ln|lo|lt|lua|luo|lv|mfe|mg|mi|mk|ml|mn|mr|ms|mt|my|ne|new|nl|no|nso|ny|oc|om|or|os|pa|pam|pl|ps|pt|pt-PT|qu|rn|ro|ru|rw|sa|sd|sg|si|sk|sl|sm|sn|so|sq|sr|ss|st|su|sv|sw|ta|te|tg|th|ti|tk|tn|to|tr|ts|tt|tum|ug|uk|ur|uz|ve|vi|war|wo|xh|yi|yo|zh-Hans|zh-Hant|zu,True,True,reserve,חלופת איכות פעילה עם ראיות זמינות; תיכנס רק אם מועמד מאושר ייכשל בשער הסופי.
o586btpMUfY,https://www.youtube.com/watch?v=o586btpMUfY,Expert's Advice for New ADV Riders / Husqvarna Norden 901,MOTOTREK,en,navigation,253,8,9,aa|ab|af|ak|am|ar|as|ay|az|ba|be|bg|bho|bn|bo|br|bs|ca|ceb|co|crs|cs|cy|da|de|dv|dz|ee|el|en|en-orig|eo|es|et|eu|fa|fi|fil|fj|fo|fr|fy|ga|gaa|gd|gl|gn|gu|gv|ha|haw|hi|hmn|hr|ht|hu|hy|id|ig|is|it|iu|iw|ja|jv|ka|kha|kk|kl|km|kn|ko|kri|ku|ky|la|lb|lg|ln|lo|lt|lua|luo|lv|mfe|mg|mi|mk|ml|mn|mr|ms|mt|my|ne|new|nl|no|nso|ny|oc|om|or|os|pa|pam|pl|ps|pt|pt-PT|qu|rn|ro|ru|rw|sa|sd|sg|si|sk|sl|sm|sn|so|sq|sr|ss|st|su|sv|sw|ta|te|tg|th|ti|tk|tn|to|tr|ts|tt|tum|ug|uk|ur|uz|ve|vi|war|wo|xh|yi|yo|zh-Hans|zh-Hant|zu,True,True,reserve,חלופת איכות פעילה עם ראיות זמינות; תיכנס רק אם מועמד מאושר ייכשל בשער הסופי.
EiicJgmx53Q,https://www.youtube.com/watch?v=EiicJgmx53Q,Emergency Braking from High Speed,Moto Control,en,emergency_braking,543,8,5,aa|ab|af|ak|am|ar|as|ay|az|ba|be|bg|bho|bn|bo|br|bs|ca|ceb|co|crs|cs|cy|da|de|dv|dz|ee|el|en|en-orig|eo|es|et|eu|fa|fi|fil|fj|fo|fr|fy|ga|gaa|gd|gl|gn|gu|gv|ha|haw|hi|hmn|hr|ht|hu|hy|id|ig|is|it|iu|iw|ja|jv|ka|kha|kk|kl|km|kn|ko|kri|ku|ky|la|lb|lg|ln|lo|lt|lua|luo|lv|mfe|mg|mi|mk|ml|mn|mr|ms|mt|my|ne|new|nl|no|nso|ny|oc|om|or|os|pa|pam|pl|ps|pt|pt-PT|qu|rn|ro|ru|rw|sa|sd|sg|si|sk|sl|sm|sn|so|sq|sr|ss|st|su|sv|sw|ta|te|tg|th|ti|tk|tn|to|tr|ts|tt|tum|ug|uk|ur|uz|ve|vi|war|wo|xh|yi|yo|zh-Hans|zh-Hant|zu,True,True,reserve,חלופת איכות פעילה עם ראיות זמינות; תיכנס רק אם מועמד מאושר ייכשל בשער הסופי.
7RA3NSoOfto,https://www.youtube.com/watch?v=7RA3NSoOfto,Your Best Friend: THE BRAKES,MotoJitsu®,en,road_hills,1565,8,6,aa|ab|af|ak|am|ar|as|ay|az|ba|be|bg|bho|bn|bo|br|bs|ca|ceb|co|crs|cs|cy|da|de|dv|dz|ee|el|en|en-orig|eo|es|et|eu|fa|fi|fil|fj|fo|fr|fy|ga|gaa|gd|gl|gn|gu|gv|ha|haw|hi|hmn|hr|ht|hu|hy|id|ig|is|it|iu|iw|ja|jv|ka|kha|kk|kl|km|kn|ko|kri|ku|ky|la|lb|lg|ln|lo|lt|lua|luo|lv|mfe|mg|mi|mk|ml|mn|mr|ms|mt|my|ne|new|nl|no|nso|ny|oc|om|or|os|pa|pam|pl|ps|pt|pt-PT|qu|rn|ro|ru|rw|sa|sd|sg|si|sk|sl|sm|sn|so|sq|sr|ss|st|su|sv|sw|ta|te|tg|th|ti|tk|tn|to|tr|ts|tt|tum|ug|uk|ur|uz|ve|vi|war|wo|xh|yi|yo|zh-Hans|zh-Hant|zu,True,True,reserve,חלופת איכות פעילה עם ראיות זמינות; תיכנס רק אם מועמד מאושר ייכשל בשער הסופי.
unp3hXfGjts,https://www.youtube.com/watch?v=unp3hXfGjts,How To Perform A Motorcycle Pre-Ride Safety Check | MC GARAGE,Motorcyclist Magazine,en,pre_ride,173,8,9,aa|ab|af|ak|am|ar|as|ay|az|ba|be|bg|bho|bn|bo|br|bs|ca|ceb|co|crs|cs|cy|da|de|dv|dz|ee|el|en|en-orig|eo|es|et|eu|fa|fi|fil|fj|fo|fr|fy|ga|gaa|gd|gl|gn|gu|gv|ha|haw|hi|hmn|hr|ht|hu|hy|id|ig|is|it|iu|iw|ja|jv|ka|kha|kk|kl|km|kn|ko|kri|ku|ky|la|lb|lg|ln|lo|lt|lua|luo|lv|mfe|mg|mi|mk|ml|mn|mr|ms|mt|my|ne|new|nl|no|nso|ny|oc|om|or|os|pa|pam|pl|ps|pt|pt-PT|qu|rn|ro|ru|rw|sa|sd|sg|si|sk|sl|sm|sn|so|sq|sr|ss|st|su|sv|sw|ta|te|tg|th|ti|tk|tn|to|tr|ts|tt|tum|ug|uk|ur|uz|ve|vi|war|wo|xh|yi|yo|zh-Hans|zh-Hant|zu,True,True,reserve,חלופת איכות פעילה עם ראיות זמינות; תיכנס רק אם מועמד מאושר ייכשל בשער הסופי.
4g26zZNA7Tg,https://www.youtube.com/watch?v=4g26zZNA7Tg,פול טארס בישראל: הדרכת מתקדמים,ADV Moto Life,he,channel_seed,1452,7,0,aa|ab|af|ak|am|ar|as|ay|az|ba|be|bg|bho|bn|bo|br|bs|ca|ceb|co|crs|cs|cy|da|de|dv|dz|ee|el|en|eo|es|et|eu|fa|fi|fil|fj|fo|fr|fy|ga|gaa|gd|gl|gn|gu|gv|ha|haw|hi|hmn|hr|ht|hu|hy|id|ig|is|it|iu|iw|iw-orig|ja|jv|ka|kha|kk|kl|km|kn|ko|kri|ku|ky|la|lb|lg|ln|lo|lt|lua|luo|lv|mfe|mg|mi|mk|ml|mn|mr|ms|mt|my|ne|new|nl|no|nso|ny|oc|om|or|os|pa|pam|pl|ps|pt|pt-PT|qu|rn|ro|ru|rw|sa|sd|sg|si|sk|sl|sm|sn|so|sq|sr|ss|st|su|sv|sw|ta|te|tg|th|ti|tk|tn|to|tr|ts|tt|tum|ug|uk|ur|uz|ve|vi|war|wo|xh|yi|yo|zh-Hans|zh-Hant|zu,True,False,reserve,חלופת איכות פעילה עם ראיות זמינות; תיכנס רק אם מועמד מאושר ייכשל בשער הסופי.
gbhwSkmGLPA,https://www.youtube.com/watch?v=gbhwSkmGLPA,2 רוכבים מתחילים נגד הר הזבל 😅 | אימון שטח למתחילים,Ben S. (bflance),he,offroad_basics,4561,7,0,aa|ab|af|ak|am|ar|as|ay|az|ba|be|bg|bho|bn|bo|br|bs|ca|ceb|co|crs|cs|cy|da|de|dv|dz|ee|el|en|eo|es|et|eu|fa|fi|fil|fj|fo|fr|fy|ga|gaa|gd|gl|gn|gu|gv|ha|haw|hi|hmn|hr|ht|hu|hy|id|ig|is|it|iu|iw|iw-orig|ja|jv|ka|kha|kk|kl|km|kn|ko|kri|ku|ky|la|lb|lg|ln|lo|lt|lua|luo|lv|mfe|mg|mi|mk|ml|mn|mr|ms|mt|my|ne|new|nl|no|nso|ny|oc|om|or|os|pa|pam|pl|ps|pt|pt-PT|qu|rn|ro|ru|rw|sa|sd|sg|si|sk|sl|sm|sn|so|sq|sr|ss|st|su|sv|sw|ta|te|tg|th|ti|tk|tn|to|tr|ts|tt|tum|ug|uk|ur|uz|ve|vi|war|wo|xh|yi|yo|zh-Hans|zh-Hant|zu,True,False,reserve,חלופת איכות פעילה עם ראיות זמינות; תיכנס רק אם מועמד מאושר ייכשל בשער הסופי.
tHrR4s7zeYI,https://www.youtube.com/watch?v=tHrR4s7zeYI,אימון דריפטים על טנרה 700 ויציאה לסולו אופרוד! 🏍️💨,Ben S. (bflance),he,gravel,2186,7,0,aa|ab|af|ak|am|ar|as|ay|az|ba|be|bg|bho|bn|bo|br|bs|ca|ceb|co|crs|cs|cy|da|de|dv|dz|ee|el|en|eo|es|et|eu|fa|fi|fil|fj|fo|fr|fy|ga|gaa|gd|gl|gn|gu|gv|ha|haw|hi|hmn|hr|ht|hu|hy|id|ig|is|it|iu|iw|iw-orig|ja|jv|ka|kha|kk|kl|km|kn|ko|kri|ku|ky|la|lb|lg|ln|lo|lt|lua|luo|lv|mfe|mg|mi|mk|ml|mn|mr|ms|mt|my|ne|new|nl|no|nso|ny|oc|om|or|os|pa|pam|pl|ps|pt|pt-PT|qu|rn|ro|ru|rw|sa|sd|sg|si|sk|sl|sm|sn|so|sq|sr|ss|st|su|sv|sw|ta|te|tg|th|ti|tk|tn|to|tr|ts|tt|tum|ug|uk|ur|uz|ve|vi|war|wo|xh|yi|yo|zh-Hans|zh-Hant|zu,True,False,reserve,חלופת איכות פעילה עם ראיות זמינות; תיכנס רק אם מועמד מאושר ייכשל בשער הסופי.
FgSktPy-orE,https://www.youtube.com/watch?v=FgSktPy-orE,Prorider Swerve To Avoid,Tactical Motor Gear,en,swerving,264,7,0,aa|ab|af|ak|am|ar|as|ay|az|ba|be|bg|bho|bn|bo|br|bs|ca|ceb|co|crs|cs|cy|da|de|dv|dz|ee|el|en|en-orig|eo|es|et|eu|fa|fi|fil|fj|fo|fr|fy|ga|gaa|gd|gl|gn|gu|gv|ha|haw|hi|hmn|hr|ht|hu|hy|id|ig|is|it|iu|iw|ja|jv|ka|kha|kk|kl|km|kn|ko|kri|ku|ky|la|lb|lg|ln|lo|lt|lua|luo|lv|mfe|mg|mi|mk|ml|mn|mr|ms|mt|my|ne|new|nl|no|nso|ny|oc|om|or|os|pa|pam|pl|ps|pt|pt-PT|qu|rn|ro|ru|rw|sa|sd|sg|si|sk|sl|sm|sn|so|sq|sr|ss|st|su|sv|sw|ta|te|tg|th|ti|tk|tn|to|tr|ts|tt|tum|ug|uk|ur|uz|ve|vi|war|wo|xh|yi|yo|zh-Hans|zh-Hant|zu,True,False,reserve,חלופת איכות פעילה עם ראיות זמינות; תיכנס רק אם מועמד מאושר ייכשל בשער הסופי.
xpc9FiHYMeA,https://www.youtube.com/watch?v=xpc9FiHYMeA,Why I avoid carrying passengers on my bike,Tall Rider,en,passenger,468,7,0,aa|ab|af|ak|am|ar|as|ay|az|ba|be|bg|bho|bn|bo|br|bs|ca|ceb|co|crs|cs|cy|da|de|dv|dz|ee|el|en|en-orig|eo|es|et|eu|fa|fi|fil|fj|fo|fr|fy|ga|gaa|gd|gl|gn|gu|gv|ha|haw|hi|hmn|hr|ht|hu|hy|id|ig|is|it|iu|iw|ja|jv|ka|kha|kk|kl|km|kn|ko|kri|ku|ky|la|lb|lg|ln|lo|lt|lua|luo|lv|mfe|mg|mi|mk|ml|mn|mr|ms|mt|my|ne|new|nl|no|nso|ny|oc|om|or|os|pa|pam|pl|ps|pt|pt-PT|qu|rn|ro|ru|rw|sa|sd|sg|si|sk|sl|sm|sn|so|sq|sr|ss|st|su|sv|sw|ta|te|tg|th|ti|tk|tn|to|tr|ts|tt|tum|ug|uk|ur|uz|ve|vi|war|wo|xh|yi|yo|zh-Hans|zh-Hant|zu,True,False,reserve,חלופת איכות פעילה עם ראיות זמינות; תיכנס רק אם מועמד מאושר ייכשל בשער הסופי.
Nix5yh2r-04,https://www.youtube.com/watch?v=Nix5yh2r-04,מדריך בייקס - כיצד להחליף פנימית,בייקס - byx.co.il,he,puncture,218,7,0,aa|ab|af|ak|am|ar|as|ay|az|ba|be|bg|bho|bn|bo|br|bs|ca|ceb|co|crs|cs|cy|da|de|dv|dz|ee|el|en|eo|es|et|eu|fa|fi|fil|fj|fo|fr|fy|ga|gaa|gd|gl|gn|gu|gv|ha|haw|hi|hmn|hr|ht|hu|hy|id|ig|is|it|iu|iw|iw-orig|ja|jv|ka|kha|kk|kl|km|kn|ko|kri|ku|ky|la|lb|lg|ln|lo|lt|lua|luo|lv|mfe|mg|mi|mk|ml|mn|mr|ms|mt|my|ne|new|nl|no|nso|ny|oc|om|or|os|pa|pam|pl|ps|pt|pt-PT|qu|rn|ro|ru|rw|sa|sd|sg|si|sk|sl|sm|sn|so|sq|sr|ss|st|su|sv|sw|ta|te|tg|th|ti|tk|tn|to|tr|ts|tt|tum|ug|uk|ur|uz|ve|vi|war|wo|xh|yi|yo|zh-Hans|zh-Hant|zu,True,False,reserve,חלופת איכות פעילה עם ראיות זמינות; תיכנס רק אם מועמד מאושר ייכשל בשער הסופי.
_gFFFePEj_s,https://www.youtube.com/watch?v=_gFFFePEj_s,How to Pass the Motorcycle Rider Skills Test (Step-by-Step Practice Guide),DanDanTheFireman,en,u_turn,2010,7,5,aa|ab|af|ak|am|ar|as|ay|az|ba|be|bg|bho|bn|bo|br|bs|ca|ceb|co|crs|cs|cy|da|de|dv|dz|ee|el|en|en-orig|eo|es|et|eu|fa|fi|fil|fj|fo|fr|fy|ga|gaa|gd|gl|gn|gu|gv|ha|haw|hi|hmn|hr|ht|hu|hy|id|ig|is|it|iu|iw|ja|jv|ka|kha|kk|kl|km|kn|ko|kri|ku|ky|la|lb|lg|ln|lo|lt|lua|luo|lv|mfe|mg|mi|mk|ml|mn|mr|ms|mt|my|ne|new|nl|no|nso|ny|oc|om|or|os|pa|pam|pl|ps|pt|pt-PT|qu|rn|ro|ru|rw|sa|sd|sg|si|sk|sl|sm|sn|so|sq|sr|ss|st|su|sv|sw|ta|te|tg|th|ti|tk|tn|to|tr|ts|tt|tum|ug|uk|ur|uz|ve|vi|war|wo|xh|yi|yo|zh-Hans|zh-Hant|zu,True,True,reserve,חלופת איכות פעילה עם ראיות זמינות; תיכנס רק אם מועמד מאושר ייכשל בשער הסופי.
C_GCVThzYaM,https://www.youtube.com/watch?v=C_GCVThzYaM,הדרכת רכיבה ביוון,Cohen Adventure (‫צביקה כהן השטח‬‎),he,instructor_seed,72,6,0,aa|ab|af|ak|am|ar|as|ay|az|ba|be|bg|bho|bn|bo|br|bs|ca|ceb|co|crs|cs|cy|da|de|dv|dz|ee|el|en|eo|es|et|eu|fa|fi|fil|fj|fo|fr|fy|ga|gaa|gd|gl|gn|gu|gv|ha|haw|hi|hmn|hr|ht|hu|hy|id|ig|is|it|iu|iw|ja|jv|ka|kha|kk|kl|km|kn|ko|kri|ku|ky|la|lb|lg|ln|lo|lt|lua|luo|lv|mfe|mg|mi|mk|ml|mn|mr|ms|mt|my|ne|new|nl|no|nso|ny|oc|om|or|os|pa|pam|pl|pl-orig|ps|pt|pt-PT|qu|rn|ro|ru|rw|sa|sd|sg|si|sk|sl|sm|sn|so|sq|sr|ss|st|su|sv|sw|ta|te|tg|th|ti|tk|tn|to|tr|ts|tt|tum|ug|uk|ur|uz|ve|vi|war|wo|xh|yi|yo|zh-Hans|zh-Hant|zu,True,False,reserve,חלופת איכות פעילה עם ראיות זמינות; תיכנס רק אם מועמד מאושר ייכשל בשער הסופי.
S8KUwhyx1YU,https://www.youtube.com/watch?v=S8KUwhyx1YU,"אז מי זה החכם רלב""ד? מגלים את הסוד!",הרשות הלאומית לבטיחות בדרכים,he,safety_body,62,6,0,iw,True,False,reserve,חלופת איכות פעילה עם ראיות זמינות; תיכנס רק אם מועמד מאושר ייכשל בשער הסופי.
UaxuuvJdF88,https://www.youtube.com/watch?v=UaxuuvJdF88,איבוד בלמים בזמן נסיעה,הרשות הלאומית לבטיחות בדרכים,he,safety_body,104,6,0,aa|ab|af|ak|am|ar|as|ay|az|ba|be|bg|bho|bn|bo|br|bs|ca|ceb|co|crs|cs|cy|da|de|dv|dz|ee|el|en|eo|es|et|eu|fa|fi|fil|fj|fo|fr|fy|ga|gaa|gd|gl|gn|gu|gv|ha|haw|hi|hmn|hr|ht|hu|hy|id|ig|is|it|iu|iw|iw-orig|ja|jv|ka|kha|kk|kl|km|kn|ko|kri|ku|ky|la|lb|lg|ln|lo|lt|lua|luo|lv|mfe|mg|mi|mk|ml|mn|mr|ms|mt|my|ne|new|nl|no|nso|ny|oc|om|or|os|pa|pam|pl|ps|pt|pt-PT|qu|rn|ro|ru|rw|sa|sd|sg|si|sk|sl|sm|sn|so|sq|sr|ss|st|su|sv|sw|ta|te|tg|th|ti|tk|tn|to|tr|ts|tt|tum|ug|uk|ur|uz|ve|vi|war|wo|xh|yi|yo|zh-Hans|zh-Hant|zu,True,False,reserve,חלופת איכות פעילה עם ראיות זמינות; תיכנס רק אם מועמד מאושר ייכשל בשער הסופי.
H7VQX3yersI,https://www.youtube.com/watch?v=H7VQX3yersI,"3 BEST monsoon riding tips to make your ride in the rain, SAFER!",Abhishek Daniel,en,rain,361,8,4,aa|ab|af|ak|am|ar|as|ay|az|ba|be|bg|bho|bn|bo|br|bs|ca|ceb|co|crs|cs|cy|da|de|dv|dz|ee|el|en|en-orig|eo|es|et|eu|fa|fi|fil|fj|fo|fr|fy|ga|gaa|gd|gl|gn|gu|gv|ha|haw|hi|hmn|hr|ht|hu|hy|id|ig|is|it|iu|iw|ja|jv|ka|kha|kk|kl|km|kn|ko|kri|ku|ky|la|lb|lg|ln|lo|lt|lua|luo|lv|mfe|mg|mi|mk|ml|mn|mr|ms|mt|my|ne|new|nl|no|nso|ny|oc|om|or|os|pa|pam|pl|ps|pt|pt-PT|qu|rn|ro|ru|rw|sa|sd|sg|si|sk|sl|sm|sn|so|sq|sr|ss|st|su|sv|sw|ta|te|tg|th|ti|tk|tn|to|tr|ts|tt|tum|ug|uk|ur|uz|ve|vi|war|wo|xh|yi|yo|zh-Hans|zh-Hant|zu,False,False,reserve,חלופת איכות פעילה עם ראיות זמינות; תיכנס רק אם מועמד מאושר ייכשל בשער הסופי.
8aOyjmMvwmA,https://www.youtube.com/watch?v=8aOyjmMvwmA,😎 Next-Gen Dual-Sport 2026: 9 Wild Bikes Reviewed — Which One Wins? 🏆,Acer Rider,en,suspension,1481,8,10,aa|ab|af|ak|am|ar|as|ay|az|ba|be|bg|bho|bn|bo|br|bs|ca|ceb|co|crs|cs|cy|da|de|dv|dz|ee|el|en|en-orig|eo|es|et|eu|fa|fi|fil|fj|fo|fr|fy|ga|gaa|gd|gl|gn|gu|gv|ha|haw|hi|hmn|hr|ht|hu|hy|id|ig|is|it|iu|iw|ja|jv|ka|kha|kk|kl|km|kn|ko|kri|ku|ky|la|lb|lg|ln|lo|lt|lua|luo|lv|mfe|mg|mi|mk|ml|mn|mr|ms|mt|my|ne|new|nl|no|nso|ny|oc|om|or|os|pa|pam|pl|ps|pt|pt-PT|qu|rn|ro|ru|rw|sa|sd|sg|si|sk|sl|sm|sn|so|sq|sr|ss|st|su|sv|sw|ta|te|tg|th|ti|tk|tn|to|tr|ts|tt|tum|ug|uk|ur|uz|ve|vi|war|wo|xh|yi|yo|zh-Hans|zh-Hant|zu,False,False,reserve,חלופת איכות פעילה עם ראיות זמינות; תיכנס רק אם מועמד מאושר ייכשל בשער הסופי.
oEquyKGQ2xQ,https://www.youtube.com/watch?v=oEquyKGQ2xQ,Observations And Road Positions | MOD 2 Tips #2,Moto Ecosse,en,road_position,1635,8,14,aa|ab|af|ak|am|ar|as|ay|az|ba|be|bg|bho|bn|bo|br|bs|ca|ceb|co|crs|cs|cy|da|de|dv|dz|ee|el|en|en-orig|eo|es|et|eu|fa|fi|fil|fj|fo|fr|fy|ga|gaa|gd|gl|gn|gu|gv|ha|haw|hi|hmn|hr|ht|hu|hy|id|ig|is|it|iu|iw|ja|jv|ka|kha|kk|kl|km|kn|ko|kri|ku|ky|la|lb|lg|ln|lo|lt|lua|luo|lv|mfe|mg|mi|mk|ml|mn|mr|ms|mt|my|ne|new|nl|no|nso|ny|oc|om|or|os|pa|pam|pl|ps|pt|pt-PT|qu|rn|ro|ru|rw|sa|sd|sg|si|sk|sl|sm|sn|so|sq|sr|ss|st|su|sv|sw|ta|te|tg|th|ti|tk|tn|to|tr|ts|tt|tum|ug|uk|ur|uz|ve|vi|war|wo|xh|yi|yo|zh-Hans|zh-Hant|zu,False,False,reserve,חלופת איכות פעילה עם ראיות זמינות; תיכנס רק אם מועמד מאושר ייכשל בשער הסופי.
m3U5gFfSXXs,https://www.youtube.com/watch?v=m3U5gFfSXXs,5 Tips to stay Safe when Riding in the Rain,MyRide,en,rain,256,8,5,aa|ab|af|ak|am|ar|as|ay|az|ba|be|bg|bho|bn|bo|br|bs|ca|ceb|co|crs|cs|cy|da|de|dv|dz|ee|el|en|en-orig|eo|es|et|eu|fa|fi|fil|fj|fo|fr|fy|ga|gaa|gd|gl|gn|gu|gv|ha|haw|hi|hmn|hr|ht|hu|hy|id|ig|is|it|iu|iw|ja|jv|ka|kha|kk|kl|km|kn|ko|kri|ku|ky|la|lb|lg|ln|lo|lt|lua|luo|lv|mfe|mg|mi|mk|ml|mn|mr|ms|mt|my|ne|new|nl|no|nso|ny|oc|om|or|os|pa|pam|pl|ps|pt|pt-PT|qu|rn|ro|ru|rw|sa|sd|sg|si|sk|sl|sm|sn|so|sq|sr|ss|st|su|sv|sw|ta|te|tg|th|ti|tk|tn|to|tr|ts|tt|tum|ug|uk|ur|uz|ve|vi|war|wo|xh|yi|yo|zh-Hans|zh-Hant|zu,False,False,reserve,חלופת איכות פעילה עם ראיות זמינות; תיכנס רק אם מועמד מאושר ייכשל בשער הסופי.
mS5glFH2zJg,https://www.youtube.com/watch?v=mS5glFH2zJg,"Countersteering, Pete Schwartz, Cal Poly Physics",Peter Schwartz,en,countersteering,441,8,3,aa|ab|af|ak|am|ar|as|ay|az|ba|be|bg|bho|bn|bo|br|bs|ca|ceb|co|crs|cs|cy|da|de|dv|dz|ee|el|en|en-orig|eo|es|et|eu|fa|fi|fil|fj|fo|fr|fy|ga|gaa|gd|gl|gn|gu|gv|ha|haw|hi|hmn|hr|ht|hu|hy|id|ig|is|it|iu|iw|ja|jv|ka|kha|kk|kl|km|kn|ko|kri|ku|ky|la|lb|lg|ln|lo|lt|lua|luo|lv|mfe|mg|mi|mk|ml|mn|mr|ms|mt|my|ne|new|nl|no|nso|ny|oc|om|or|os|pa|pam|pl|ps|pt|pt-PT|qu|rn|ro|ru|rw|sa|sd|sg|si|sk|sl|sm|sn|so|sq|sr|ss|st|su|sv|sw|ta|te|tg|th|ti|tk|tn|to|tr|ts|tt|tum|ug|uk|ur|uz|ve|vi|war|wo|xh|yi|yo|zh-Hans|zh-Hant|zu,False,False,reserve,חלופת איכות פעילה עם ראיות זמינות; תיכנס רק אם מועמד מאושר ייכשל בשער הסופי.
Mn3QbQAL8_Y,https://www.youtube.com/watch?v=Mn3QbQAL8_Y,איך לבדוק אופנוע לפני קניה,SobeR RideR,he,pre_ride,1759,8,6,aa|ab|af|ak|am|ar|as|ay|az|ba|be|bg|bho|bn|bo|br|bs|ca|ceb|co|crs|cs|cy|da|de|dv|dz|ee|el|en|eo|es|et|eu|fa|fi|fil|fj|fo|fr|fy|ga|gaa|gd|gl|gn|gu|gv|ha|haw|hi|hmn|hr|ht|hu|hy|id|ig|is|it|iu|iw|iw-orig|ja|jv|ka|kha|kk|kl|km|kn|ko|kri|ku|ky|la|lb|lg|ln|lo|lt|lua|luo|lv|mfe|mg|mi|mk|ml|mn|mr|ms|mt|my|ne|new|nl|no|nso|ny|oc|om|or|os|pa|pam|pl|ps|pt|pt-PT|qu|rn|ro|ru|rw|sa|sd|sg|si|sk|sl|sm|sn|so|sq|sr|ss|st|su|sv|sw|ta|te|tg|th|ti|tk|tn|to|tr|ts|tt|tum|ug|uk|ur|uz|ve|vi|war|wo|xh|yi|yo|zh-Hans|zh-Hant|zu,False,False,reserve,חלופת איכות פעילה עם ראיות זמינות; תיכנס רק אם מועמד מאושר ייכשל בשער הסופי.
kZrKbYSTiv0,https://www.youtube.com/watch?v=kZrKbYSTiv0,The TRUTH About Riding Motorcycles in the Rain,Yammie Noob,en,rain,709,8,10,aa|ab|af|ak|am|ar|as|ay|az|ba|be|bg|bho|bn|bo|br|bs|ca|ceb|co|crs|cs|cy|da|de|dv|dz|ee|el|en|en-orig|eo|es|et|eu|fa|fi|fil|fj|fo|fr|fy|ga|gaa|gd|gl|gn|gu|gv|ha|haw|hi|hmn|hr|ht|hu|hy|id|ig|is|it|iu|iw|ja|jv|ka|kha|kk|kl|km|kn|ko|kri|ku|ky|la|lb|lg|ln|lo|lt|lua|luo|lv|mfe|mg|mi|mk|ml|mn|mr|ms|mt|my|ne|new|nl|no|nso|ny|oc|om|or|os|pa|pam|pl|ps|pt|pt-PT|qu|rn|ro|ru|rw|sa|sd|sg|si|sk|sl|sm|sn|so|sq|sr|ss|st|su|sv|sw|ta|te|tg|th|ti|tk|tn|to|tr|ts|tt|tum|ug|uk|ur|uz|ve|vi|war|wo|xh|yi|yo|zh-Hans|zh-Hant|zu,False,False,reserve,חלופת איכות פעילה עם ראיות זמינות; תיכנס רק אם מועמד מאושר ייכשל בשער הסופי.
veQvxDuOfRg,https://www.youtube.com/watch?v=veQvxDuOfRg,Motorcycle Gear Worst to Best (2026 Buyer's Guide),Yammie Noob,en,protective_gear,936,8,7,aa|ab|af|ak|am|ar|as|ay|az|ba|be|bg|bho|bn|bo|br|bs|ca|ceb|co|crs|cs|cy|da|de|dv|dz|ee|el|en|en-orig|eo|es|et|eu|fa|fi|fil|fj|fo|fr|fy|ga|gaa|gd|gl|gn|gu|gv|ha|haw|hi|hmn|hr|ht|hu|hy|id|ig|is|it|iu|iw|ja|jv|ka|kha|kk|kl|km|kn|ko|kri|ku|ky|la|lb|lg|ln|lo|lt|lua|luo|lv|mfe|mg|mi|mk|ml|mn|mr|ms|mt|my|ne|new|nl|no|nso|ny|oc|om|or|os|pa|pam|pl|ps|pt|pt-PT|qu|rn|ro|ru|rw|sa|sd|sg|si|sk|sl|sm|sn|so|sq|sr|ss|st|su|sv|sw|ta|te|tg|th|ti|tk|tn|to|tr|ts|tt|tum|ug|uk|ur|uz|ve|vi|war|wo|xh|yi|yo|zh-Hans|zh-Hant|zu,False,False,reserve,חלופת איכות פעילה עם ראיות זמינות; תיכנס רק אם מועמד מאושר ייכשל בשער הסופי.
PgUOOwnZcDU,https://www.youtube.com/watch?v=PgUOOwnZcDU,The Physics of Countersteering,Cambridge Science Centre,en,countersteering,178,7,8,aa|ab|af|ak|am|ar|as|ay|az|ba|be|bg|bho|bn|bo|br|bs|ca|ceb|co|crs|cs|cy|da|de|dv|dz|ee|el|en|en-orig|eo|es|et|eu|fa|fi|fil|fj|fo|fr|fy|ga|gaa|gd|gl|gn|gu|gv|ha|haw|hi|hmn|hr|ht|hu|hy|id|ig|is|it|iu|iw|ja|jv|ka|kha|kk|kl|km|kn|ko|kri|ku|ky|la|lb|lg|ln|lo|lt|lua|luo|lv|mfe|mg|mi|mk|ml|mn|mr|ms|mt|my|ne|new|nl|no|nso|ny|oc|om|or|os|pa|pam|pl|ps|pt|pt-PT|qu|rn|ro|ru|rw|sa|sd|sg|si|sk|sl|sm|sn|so|sq|sr|ss|st|su|sv|sw|ta|te|tg|th|ti|tk|tn|to|tr|ts|tt|tum|ug|uk|ur|uz|ve|vi|war|wo|xh|yi|yo|zh-Hans|zh-Hant|zu,False,False,reserve,חלופת איכות פעילה עם ראיות זמינות; תיכנס רק אם מועמד מאושר ייכשל בשער הסופי.
amaIWvH3dG0,https://www.youtube.com/watch?v=amaIWvH3dG0,Total Control Advanced Riding Clinic HD,Cycle Sports TV,en,advanced_training,231,7,3,aa|ab|af|ak|am|ar|as|ay|az|ba|be|bg|bho|bn|bo|br|bs|ca|ceb|co|crs|cs|cy|da|de|dv|dz|ee|el|en|en-orig|eo|es|et|eu|fa|fi|fil|fj|fo|fr|fy|ga|gaa|gd|gl|gn|gu|gv|ha|haw|hi|hmn|hr|ht|hu|hy|id|ig|is|it|iu|iw|ja|jv|ka|kha|kk|kl|km|kn|ko|kri|ku|ky|la|lb|lg|ln|lo|lt|lua|luo|lv|mfe|mg|mi|mk|ml|mn|mr|ms|mt|my|ne|new|nl|no|nso|ny|oc|om|or|os|pa|pam|pl|ps|pt|pt-PT|qu|rn|ro|ru|rw|sa|sd|sg|si|sk|sl|sm|sn|so|sq|sr|ss|st|su|sv|sw|ta|te|tg|th|ti|tk|tn|to|tr|ts|tt|tum|ug|uk|ur|uz|ve|vi|war|wo|xh|yi|yo|zh-Hans|zh-Hant|zu,False,False,reserve,חלופת איכות פעילה עם ראיות זמינות; תיכנס רק אם מועמד מאושר ייכשל בשער הסופי.
aErPB4lgEpM,https://www.youtube.com/watch?v=aErPB4lgEpM,The 3 Beginner Mistakes We Still Struggle With Off-Road,Moron Brothers Moto,en,cornering,364,7,4,aa|ab|af|ak|am|ar|as|ay|az|ba|be|bg|bho|bn|bo|br|bs|ca|ceb|co|crs|cs|cy|da|de|dv|dz|ee|el|en|en-orig|eo|es|et|eu|fa|fi|fil|fj|fo|fr|fy|ga|gaa|gd|gl|gn|gu|gv|ha|haw|hi|hmn|hr|ht|hu|hy|id|ig|is|it|iu|iw|ja|jv|ka|kha|kk|kl|km|kn|ko|kri|ku|ky|la|lb|lg|ln|lo|lt|lua|luo|lv|mfe|mg|mi|mk|ml|mn|mr|ms|mt|my|ne|new|nl|no|nso|ny|oc|om|or|os|pa|pam|pl|ps|pt|pt-PT|qu|rn|ro|ru|rw|sa|sd|sg|si|sk|sl|sm|sn|so|sq|sr|ss|st|su|sv|sw|ta|te|tg|th|ti|tk|tn|to|tr|ts|tt|tum|ug|uk|ur|uz|ve|vi|war|wo|xh|yi|yo|zh-Hans|zh-Hant|zu,False,False,reserve,חלופת איכות פעילה עם ראיות זמינות; תיכנס רק אם מועמד מאושר ייכשל בשער הסופי.
IbUd4-X-J-4,https://www.youtube.com/watch?v=IbUd4-X-J-4,Adele Playlist Night Ride | Yamaha Tracer 9 & MT-07,XploreRIDERS,en,night,2214,7,8,aa|ab|af|ak|am|ar|as|ay|az|ba|be|bg|bho|bn|bo|br|bs|ca|ceb|co|crs|cs|cy|da|de|dv|dz|ee|el|en|en-orig|eo|es|et|eu|fa|fi|fil|fj|fo|fr|fy|ga|gaa|gd|gl|gn|gu|gv|ha|haw|hi|hmn|hr|ht|hu|hy|id|ig|is|it|iu|iw|ja|jv|ka|kha|kk|kl|km|kn|ko|kri|ku|ky|la|lb|lg|ln|lo|lt|lua|luo|lv|mfe|mg|mi|mk|ml|mn|mr|ms|mt|my|ne|new|nl|no|nso|ny|oc|om|or|os|pa|pam|pl|ps|pt|pt-PT|qu|rn|ro|ru|rw|sa|sd|sg|si|sk|sl|sm|sn|so|sq|sr|ss|st|su|sv|sw|ta|te|tg|th|ti|tk|tn|to|tr|ts|tt|tum|ug|uk|ur|uz|ve|vi|war|wo|xh|yi|yo|zh-Hans|zh-Hant|zu,False,False,reserve,חלופת איכות פעילה עם ראיות זמינות; תיכנס רק אם מועמד מאושר ייכשל בשער הסופי.
3cPj4-gVXD4,https://www.youtube.com/watch?v=3cPj4-gVXD4,Blind Wet Downhill Corners? Here's How to Nail Them,CanyonChasers,en,road_hills,469,6,0,aa|ab|af|ak|am|ar|as|ay|az|ba|be|bg|bho|bn|bo|br|bs|ca|ceb|co|crs|cs|cy|da|de|dv|dz|ee|el|en|en-US|en-orig|eo|es|et|eu|fa|fi|fil|fj|fo|fr|fy|ga|gaa|gd|gl|gn|gu|gv|ha|haw|hi|hmn|hr|ht|hu|hy|id|ig|is|it|iu|iw|ja|jv|ka|kha|kk|kl|km|kn|ko|kri|ku|ky|la|lb|lg|ln|lo|lt|lua|luo|lv|mfe|mg|mi|mk|ml|mn|mr|ms|mt|my|ne|new|nl|no|nso|ny|oc|om|or|os|pa|pam|pl|ps|pt|pt-PT|qu|rn|ro|ru|rw|sa|sd|sg|si|sk|sl|sm|sn|so|sq|sr|ss|st|su|sv|sw|ta|te|tg|th|ti|tk|tn|to|tr|ts|tt|tum|ug|uk|ur|uz|ve|vi|war|wo|xh|yi|yo|zh-Hans|zh-Hant|zu,True,True,reserve,חלופת איכות פעילה עם ראיות זמינות; תיכנס רק אם מועמד מאושר ייכשל בשער הסופי.
xeDi07LM3Cc,https://www.youtube.com/watch?v=xeDi07LM3Cc,Body Position and Body Timing | For Street Riding,ChampSchool,en,road_position,480,6,0,aa|ab|af|ak|am|ar|as|ay|az|ba|be|bg|bho|bn|bo|br|bs|ca|ceb|co|crs|cs|cy|da|de|dv|dz|ee|el|en|en-orig|eo|es|et|eu|fa|fi|fil|fj|fo|fr|fy|ga|gaa|gd|gl|gn|gu|gv|ha|haw|hi|hmn|hr|ht|hu|hy|id|ig|is|it|iu|iw|ja|jv|ka|kha|kk|kl|km|kn|ko|kri|ku|ky|la|lb|lg|ln|lo|lt|lua|luo|lv|mfe|mg|mi|mk|ml|mn|mr|ms|mt|my|ne|new|nl|no|nso|ny|oc|om|or|os|pa|pam|pl|ps|pt|pt-PT|qu|rn|ro|ru|rw|sa|sd|sg|si|sk|sl|sm|sn|so|sq|sr|ss|st|su|sv|sw|ta|te|tg|th|ti|tk|tn|to|tr|ts|tt|tum|ug|uk|ur|uz|ve|vi|war|wo|xh|yi|yo|zh-Hans|zh-Hant|zu,True,True,reserve,חלופת איכות פעילה עם ראיות זמינות; תיכנס רק אם מועמד מאושר ייכשל בשער הסופי.
